,core_genes,extended_genes,core_source,extended_source
0,BRCA2,FHIT,Malacards,RegNetwork
1,BRCA2,ESR1,Malacards,RegNetwork
2,BRCA2,RAD51,Malacards,RegNetwork
3,BRCA2,ETS1,Malacards,RegNetwork
4,BRCA2,MYC,Malacards,RegNetwork
5,BRCA2,NFKB1,Malacards,RegNetwork
6,BRCA2,RAD51,Malacards,RegNetwork
7,BRCA2,RELA,Malacards,RegNetwork
8,BRCA2,TP53,Malacards,RegNetwork
9,BRCA2,USF1,Malacards,RegNetwork
10,BRCA2,USF2,Malacards,RegNetwork
11,BRCA2,PLK1,Malacards,STRING
12,BRCA2,RAD51,Malacards,STRING
13,BRCA2,PALB2,Malacards,STRING
14,BRCA2,CDK2,Malacards,STRING
15,BRCA2,SHFM1,Malacards,STRING
16,BRCA2,TP53,Malacards,STRING
17,BRCA2,XRCC3,Malacards,STRING
18,BRCA2,BRCA1,Malacards,STRING
19,BRCA2,DMC1,Malacards,STRING
20,BRCA2,HMG20B,Malacards,STRING
21,BRCA2,FANCD2,Malacards,STRING
22,BRCA2,BARD1,Malacards,STRING
23,BRCA2,FANCG,Malacards,STRING
24,PALB2,E2F1,Malacards,RegNetwork
25,PALB2,E2F2,Malacards,RegNetwork
26,PALB2,BRCA1,Malacards,STRING
27,PALB2,RAD51,Malacards,STRING
28,PALB2,KEAP1,Malacards,STRING
29,PALB2,BRCA2,Malacards,STRING
30,PALB2,MORF4L1,Malacards,STRING
31,PALB2,MORF4L2,Malacards,STRING
32,CHEK2,ATM,Malacards,RegNetwork
33,CHEK2,TP53,Malacards,RegNetwork
34,CHEK2,TP53,Malacards,RegNetwork
35,CHEK2,ILKAP,Malacards,STRING
36,CHEK2,CDC25A,Malacards,STRING
37,CHEK2,TP53,Malacards,STRING
38,CHEK2,BRCA1,Malacards,STRING
39,CHEK2,CDC25C,Malacards,STRING
40,CHEK2,ATM,Malacards,STRING
41,BRIP1,MLH1,Malacards,STRING
42,BRIP1,PMS2,Malacards,STRING
43,BRIP1,TOPBP1,Malacards,STRING
44,BRIP1,BARD1,Malacards,STRING
45,BRIP1,BRCA1,Malacards,STRING
46,RAD51,BRCA2,Malacards,RegNetwork
47,RAD51,BRCA2,Malacards,RegNetwork
48,RAD51,E2F1,Malacards,RegNetwork
49,RAD51,E2F2,Malacards,RegNetwork
50,RAD51,E2F4,Malacards,RegNetwork
51,RAD51,MYB,Malacards,RegNetwork
52,RAD51,MYC,Malacards,RegNetwork
53,RAD51,TP53,Malacards,RegNetwork
54,RAD51,BRCA2,Malacards,STRING
55,RAD51,RAD52,Malacards,STRING
56,RAD51,BLM,Malacards,STRING
57,RAD51,XRCC2,Malacards,STRING
58,RAD51,FANCD2,Malacards,STRING
59,RAD51,H2AFX,Malacards,STRING
60,RAD51,PALB2,Malacards,STRING
61,RAD51,ATRX,Malacards,STRING
62,RAD51,SUMO1,Malacards,STRING
63,RAD51,DMC1,Malacards,STRING
64,RAD51,RAD51AP1,Malacards,STRING
65,RAD51,XRCC3,Malacards,STRING
66,RAD51,BRCA1,Malacards,STRING
67,RAD51,TP53,Malacards,STRING
68,RAD51,ABL1,Malacards,STRING
69,PIK3CA,ESR1,Malacards,RegNetwork
70,PIK3CA,PGR,Malacards,RegNetwork
71,PIK3CA,TP53,Malacards,RegNetwork
72,PIK3CA,PIK3R1,Malacards,STRING
73,PIK3CA,EGFR,Malacards,STRING
74,PIK3CA,PIK3R3,Malacards,STRING
75,PIK3CA,HRAS,Malacards,STRING
76,PIK3CA,IRS1,Malacards,STRING
77,PIK3CA,PIK3R2,Malacards,STRING
78,PIK3CA,AKT1,Malacards,STRING
79,AKT1,hsa-miR-125b,Malacards,RegNetwork
80,AKT1,hsa-miR-155,Malacards,RegNetwork
81,AKT1,hsa-miR-181c,Malacards,RegNetwork
82,AKT1,hsa-miR-22,Malacards,RegNetwork
83,AKT1,AR,Malacards,RegNetwork
84,AKT1,ESR1,Malacards,RegNetwork
85,AKT1,FOXO1,Malacards,RegNetwork
86,AKT1,FOXO3,Malacards,RegNetwork
87,AKT1,IKBKB,Malacards,RegNetwork
88,AKT1,IKBKG,Malacards,RegNetwork
89,AKT1,NFKB1,Malacards,RegNetwork
90,AKT1,NFKB1,Malacards,RegNetwork
91,AKT1,NFKBIA,Malacards,RegNetwork
92,AKT1,NFKBIB,Malacards,RegNetwork
93,AKT1,NKX3-1,Malacards,RegNetwork
94,AKT1,PPARA,Malacards,RegNetwork
95,AKT1,PPARG,Malacards,RegNetwork
96,AKT1,RELA,Malacards,RegNetwork
97,AKT1,RELA,Malacards,RegNetwork
98,AKT1,TP53,Malacards,RegNetwork
99,AKT1,MTOR,Malacards,STRING
100,AKT1,MAPKAP1,Malacards,STRING
101,AKT1,MDM2,Malacards,STRING
102,AKT1,RAF1,Malacards,STRING
103,AKT1,BRCA1,Malacards,STRING
104,AKT1,ILK,Malacards,STRING
105,AKT1,RICTOR,Malacards,STRING
106,AKT1,BRAF,Malacards,STRING
107,AKT1,PRKCZ,Malacards,STRING
108,AKT1,CDC37,Malacards,STRING
109,AKT1,EP300,Malacards,STRING
110,AKT1,HSP90AA1,Malacards,STRING
111,AKT1,AR,Malacards,STRING
112,AKT1,CDKN1A,Malacards,STRING
113,AKT1,FOXO3,Malacards,STRING
114,AKT1,PPP2CA,Malacards,STRING
115,AKT1,BAD,Malacards,STRING
116,AKT1,NOS3,Malacards,STRING
117,AKT1,HSPB1,Malacards,STRING
118,AKT1,MAPK14,Malacards,STRING
119,AKT1,CHUK,Malacards,STRING
120,AKT1,FOXO1,Malacards,STRING
121,AKT1,PAK1,Malacards,STRING
122,AKT1,AKT2,Malacards,STRING
123,AKT1,PIK3CA,Malacards,STRING
124,AKT1,APPL1,Malacards,STRING
125,AKT1,SKP2,Malacards,STRING
126,AKT1,MAPKAPK2,Malacards,STRING
127,AKT1,IKBKB,Malacards,STRING
128,AKT1,XIAP,Malacards,STRING
129,AKT1,GSK3A,Malacards,STRING
130,AKT1,TCL1A,Malacards,STRING
131,AKT1,CDKN1B,Malacards,STRING
132,AKT1,PDPK1,Malacards,STRING
133,AKT1,RPS6KB1,Malacards,STRING
134,AKT1,TERT,Malacards,STRING
135,AKT1,GSK3B,Malacards,STRING
136,AKT1,THEM4,Malacards,STRING
137,CDH1,CTNNB1,Malacards,RegNetwork
138,CDH1,ESR1,Malacards,RegNetwork
139,CDH1,HOXD9,Malacards,RegNetwork
140,CDH1,WT1,Malacards,RegNetwork
141,CDH1,PSEN1,Malacards,STRING
142,CDH1,CTNNA1,Malacards,STRING
143,CDH1,EGFR,Malacards,STRING
144,CDH1,CTNNB1,Malacards,STRING
145,CDH1,CTNND1,Malacards,STRING
146,CDH1,CDC27,Malacards,STRING
147,CDH1,CBLL1,Malacards,STRING
148,CDH1,JUP,Malacards,STRING
149,CDH1,SKP2,Malacards,STRING
150,CDH1,KLRG1,Malacards,STRING
151,CDH1,SRC,Malacards,STRING
152,CDH1,FGFR1,Malacards,STRING
153,ESR1,DFFB,Malacards,RegNetwork
154,ESR1,GADD45G,Malacards,RegNetwork
155,ESR1,SOCS2,Malacards,RegNetwork
156,ESR1,TFAP2C,Malacards,RegNetwork
157,ESR1,hsa-miR-92a,Malacards,RegNetwork
158,ESR1,hsa-miR-363,Malacards,RegNetwork
159,ESR1,hsa-miR-222,Malacards,RegNetwork
160,ESR1,hsa-miR-221,Malacards,RegNetwork
161,ESR1,hsa-miR-21,Malacards,RegNetwork
162,ESR1,hsa-miR-20b,Malacards,RegNetwork
163,ESR1,hsa-miR-20a,Malacards,RegNetwork
164,ESR1,hsa-miR-19b,Malacards,RegNetwork
165,ESR1,hsa-miR-19a,Malacards,RegNetwork
166,ESR1,hsa-miR-18b,Malacards,RegNetwork
167,ESR1,hsa-miR-18a,Malacards,RegNetwork
168,ESR1,hsa-miR-17,Malacards,RegNetwork
169,ESR1,hsa-miR-106a,Malacards,RegNetwork
170,ESR1,ZNF398,Malacards,RegNetwork
171,ESR1,WNT7A,Malacards,RegNetwork
172,ESR1,WISP2,Malacards,RegNetwork
173,ESR1,UBE3A,Malacards,RegNetwork
174,ESR1,UBE2L3,Malacards,RegNetwork
175,ESR1,TSC22D3,Malacards,RegNetwork
176,ESR1,TNFRSF11B,Malacards,RegNetwork
177,ESR1,TIMP4,Malacards,RegNetwork
178,ESR1,TGFA,Malacards,RegNetwork
179,ESR1,TFF1,Malacards,RegNetwork
180,ESR1,TERT,Malacards,RegNetwork
181,ESR1,TAC3,Malacards,RegNetwork
182,ESR1,STAT5A,Malacards,RegNetwork
183,ESR1,SRC,Malacards,RegNetwork
184,ESR1,SP3,Malacards,RegNetwork
185,ESR1,SP1,Malacards,RegNetwork
186,ESR1,SOCS3,Malacards,RegNetwork
187,ESR1,SMARCA2,Malacards,RegNetwork
188,ESR1,SMARCA1,Malacards,RegNetwork
189,ESR1,SMAD4,Malacards,RegNetwork
190,ESR1,SHC1,Malacards,RegNetwork
191,ESR1,SERPINE1,Malacards,RegNetwork
192,ESR1,SERPINB9,Malacards,RegNetwork
193,ESR1,SERPINB5,Malacards,RegNetwork
194,ESR1,SELE,Malacards,RegNetwork
195,ESR1,RUNX2,Malacards,RegNetwork
196,ESR1,REXO4,Malacards,RegNetwork
197,ESR1,REN,Malacards,RegNetwork
198,ESR1,RARA,Malacards,RegNetwork
199,ESR1,PTPRG,Malacards,RegNetwork
200,ESR1,PTMA,Malacards,RegNetwork
201,ESR1,PSG1,Malacards,RegNetwork
202,ESR1,PPARG,Malacards,RegNetwork
203,ESR1,POU1F1,Malacards,RegNetwork
204,ESR1,PNRC1,Malacards,RegNetwork
205,ESR1,PIK3CA,Malacards,RegNetwork
206,ESR1,PGR,Malacards,RegNetwork
207,ESR1,PELP1,Malacards,RegNetwork
208,ESR1,OXT,Malacards,RegNetwork
209,ESR1,NT5E,Malacards,RegNetwork
210,ESR1,NR3C2,Malacards,RegNetwork
211,ESR1,NR0B2,Malacards,RegNetwork
212,ESR1,NOS3,Malacards,RegNetwork
213,ESR1,NOS2,Malacards,RegNetwork
214,ESR1,NOL3,Malacards,RegNetwork
215,ESR1,NCOR1,Malacards,RegNetwork
216,ESR1,NCOA3,Malacards,RegNetwork
217,ESR1,NCOA2,Malacards,RegNetwork
218,ESR1,NCOA1,Malacards,RegNetwork
219,ESR1,MYC,Malacards,RegNetwork
220,ESR1,MYB,Malacards,RegNetwork
221,ESR1,MMP26,Malacards,RegNetwork
222,ESR1,MEP1B,Malacards,RegNetwork
223,ESR1,MDM2,Malacards,RegNetwork
224,ESR1,MACROD1,Malacards,RegNetwork
225,ESR1,LTF,Malacards,RegNetwork
226,ESR1,KRT19,Malacards,RegNetwork
227,ESR1,KAT2B,Malacards,RegNetwork
228,ESR1,JUNB,Malacards,RegNetwork
229,ESR1,JUN,Malacards,RegNetwork
230,ESR1,ITGB1,Malacards,RegNetwork
231,ESR1,ITGA2,Malacards,RegNetwork
232,ESR1,IL8,Malacards,RegNetwork
233,ESR1,IGF1,Malacards,RegNetwork
234,ESR1,IFNAR1,Malacards,RegNetwork
235,ESR1,HSPB1,Malacards,RegNetwork
236,ESR1,HOXA10,Malacards,RegNetwork
237,ESR1,GRIN2D,Malacards,RegNetwork
238,ESR1,GNRH1,Malacards,RegNetwork
239,ESR1,GADD45B,Malacards,RegNetwork
240,ESR1,GADD45A,Malacards,RegNetwork
241,ESR1,FOXO1,Malacards,RegNetwork
242,ESR1,FOS,Malacards,RegNetwork
243,ESR1,FBLN1,Malacards,RegNetwork
244,ESR1,F12,Malacards,RegNetwork
245,ESR1,ESRRA,Malacards,RegNetwork
246,ESR1,ERG,Malacards,RegNetwork
247,ESR1,EGFR,Malacards,RegNetwork
248,ESR1,EGF,Malacards,RegNetwork
249,ESR1,EBAG9,Malacards,RegNetwork
250,ESR1,E2F1,Malacards,RegNetwork
251,ESR1,CYR61,Malacards,RegNetwork
252,ESR1,CYP27B1,Malacards,RegNetwork
253,ESR1,CYP1B1,Malacards,RegNetwork
254,ESR1,CYP1A1,Malacards,RegNetwork
255,ESR1,CYP19A1,Malacards,RegNetwork
256,ESR1,CXCL12,Malacards,RegNetwork
257,ESR1,CRYZ,Malacards,RegNetwork
258,ESR1,CRHBP,Malacards,RegNetwork
259,ESR1,CGA,Malacards,RegNetwork
260,ESR1,CDKN1A,Malacards,RegNetwork
261,ESR1,CDH1,Malacards,RegNetwork
262,ESR1,CCND1,Malacards,RegNetwork
263,ESR1,CAV2,Malacards,RegNetwork
264,ESR1,CAV1,Malacards,RegNetwork
265,ESR1,CAD,Malacards,RegNetwork
266,ESR1,C3,Malacards,RegNetwork
267,ESR1,BTF3P11,Malacards,RegNetwork
268,ESR1,BMP6,Malacards,RegNetwork
269,ESR1,B4GALNT2,Malacards,RegNetwork
270,ESR1,AVP,Malacards,RegNetwork
271,ESR1,APOE,Malacards,RegNetwork
272,ESR1,APOA1,Malacards,RegNetwork
273,ESR1,ANGPTL4,Malacards,RegNetwork
274,ESR1,AKT2,Malacards,RegNetwork
275,ESR1,AKT1,Malacards,RegNetwork
276,ESR1,AR,Malacards,RegNetwork
277,ESR1,BRCA1,Malacards,RegNetwork
278,ESR1,BRCA2,Malacards,RegNetwork
279,ESR1,ERG,Malacards,RegNetwork
280,ESR1,HIF1A,Malacards,RegNetwork
281,ESR1,JUN,Malacards,RegNetwork
282,ESR1,PPARG,Malacards,RegNetwork
283,ESR1,RARA,Malacards,RegNetwork
284,ESR1,SMAD4,Malacards,RegNetwork
285,ESR1,SP1,Malacards,RegNetwork
286,ESR1,SP3,Malacards,RegNetwork
287,ESR1,STAT5A,Malacards,RegNetwork
288,ESR1,STAT5B,Malacards,RegNetwork
289,ESR1,TFAP2C,Malacards,RegNetwork
290,ESR1,TP53,Malacards,RegNetwork
291,ESR1,USF1,Malacards,RegNetwork
292,ESR1,DDX5,Malacards,STRING
293,ESR1,PGR,Malacards,STRING
294,ESR1,NCOR1,Malacards,STRING
295,ESR1,AHR,Malacards,STRING
296,ESR1,UBE3A,Malacards,STRING
297,ESR1,SRC,Malacards,STRING
298,ESR1,YWHAB,Malacards,STRING
299,ESR1,CEBPB,Malacards,STRING
300,ESR1,PTGES3,Malacards,STRING
301,ESR1,KAT5,Malacards,STRING
302,ESR1,TRIM24,Malacards,STRING
303,ESR1,IGF1R,Malacards,STRING
304,ESR1,CALM1,Malacards,STRING
305,ESR1,SP1,Malacards,STRING
306,ESR1,STUB1,Malacards,STRING
307,ESR1,ESR2,Malacards,STRING
308,ESR1,HSPA8,Malacards,STRING
309,ESR1,TFF1,Malacards,STRING
310,ESR1,CCND1,Malacards,STRING
311,ESR1,NRIP1,Malacards,STRING
312,ESR1,FOXO3,Malacards,STRING
313,ESR1,HDAC1,Malacards,STRING
314,ESR1,PHB2,Malacards,STRING
315,ESR1,CALM2,Malacards,STRING
316,ESR1,MED1,Malacards,STRING
317,ESR1,NCOA6,Malacards,STRING
318,ESR1,CALM3,Malacards,STRING
319,ESR1,NCOA1,Malacards,STRING
320,ESR1,MDM2,Malacards,STRING
321,ESR1,TP53,Malacards,STRING
322,ESR1,NCOR2,Malacards,STRING
323,ESR1,MTA1,Malacards,STRING
324,ESR1,BRCA1,Malacards,STRING
325,ESR1,RELA,Malacards,STRING
326,ESR1,CREBBP,Malacards,STRING
327,ESR1,HSP90AA1,Malacards,STRING
328,ESR1,NCOA3,Malacards,STRING
329,ESR1,NCOA2,Malacards,STRING
330,ESR1,PIK3R1,Malacards,STRING
331,ESR1,HSPA4,Malacards,STRING
332,ESR1,EP300,Malacards,STRING
333,ATM,TP53,Malacards,RegNetwork
334,ATM,CHEK2,Malacards,RegNetwork
335,ATM,CHEK1,Malacards,RegNetwork
336,ATM,ATF1,Malacards,RegNetwork
337,ATM,E2F4,Malacards,RegNetwork
338,ATM,MYC,Malacards,RegNetwork
339,ATM,TP53,Malacards,RegNetwork
340,ATM,RBBP8,Malacards,STRING
341,ATM,H2AFX,Malacards,STRING
342,ATM,CHEK2,Malacards,STRING
343,ATM,TP53BP1,Malacards,STRING
344,ATM,NBN,Malacards,STRING
345,ATM,IKBKG,Malacards,STRING
346,ATM,ABL1,Malacards,STRING
347,ATM,BRCA1,Malacards,STRING
348,ATM,MDC1,Malacards,STRING
349,ATM,TP53,Malacards,STRING
350,ATM,MDM2,Malacards,STRING
351,BARD1,E2F4,Malacards,RegNetwork
352,BARD1,FLI1,Malacards,RegNetwork
353,BARD1,MYC,Malacards,RegNetwork
354,BARD1,RBBP8,Malacards,STRING
355,BARD1,BRCA2,Malacards,STRING
356,BARD1,UBE2D1,Malacards,STRING
357,BARD1,CSTF1,Malacards,STRING
358,BARD1,BRIP1,Malacards,STRING
359,BARD1,UBE2D3,Malacards,STRING
360,BARD1,BRCA1,Malacards,STRING
361,BARD1,TP53,Malacards,STRING
362,RAD54L,E2F1,Malacards,RegNetwork
363,RAD54L,E2F4,Malacards,RegNetwork
364,RAD54L,MYC,Malacards,RegNetwork
365,TP53,CCNG2,Malacards,RegNetwork
366,TP53,CCNH,Malacards,RegNetwork
367,TP53,CDC14A,Malacards,RegNetwork
368,TP53,CDC14B,Malacards,RegNetwork
369,TP53,CDC25C,Malacards,RegNetwork
370,TP53,CDH13,Malacards,RegNetwork
371,TP53,CDX1,Malacards,RegNetwork
372,TP53,CEBPA,Malacards,RegNetwork
373,TP53,CFLAR,Malacards,RegNetwork
374,TP53,CGA,Malacards,RegNetwork
375,TP53,CHEK1,Malacards,RegNetwork
376,TP53,CHEK2,Malacards,RegNetwork
377,TP53,CHGA,Malacards,RegNetwork
378,TP53,CHUK,Malacards,RegNetwork
379,TP53,CLK1,Malacards,RegNetwork
380,TP53,COQ7,Malacards,RegNetwork
381,TP53,CSF1,Malacards,RegNetwork
382,TP53,CTNNB1,Malacards,RegNetwork
383,TP53,CTSD,Malacards,RegNetwork
384,TP53,CX3CL1,Malacards,RegNetwork
385,TP53,DGKA,Malacards,RegNetwork
386,TP53,DGKB,Malacards,RegNetwork
387,TP53,DGKD,Malacards,RegNetwork
388,TP53,DGKE,Malacards,RegNetwork
389,TP53,DGKG,Malacards,RegNetwork
390,TP53,DKK1,Malacards,RegNetwork
391,TP53,DUSP1,Malacards,RegNetwork
392,TP53,DUSP12,Malacards,RegNetwork
393,TP53,E2F1,Malacards,RegNetwork
394,TP53,E2F2,Malacards,RegNetwork
395,TP53,E2F3,Malacards,RegNetwork
396,TP53,E2F4,Malacards,RegNetwork
397,TP53,E2F5,Malacards,RegNetwork
398,TP53,EEF1A1,Malacards,RegNetwork
399,TP53,EEF1A2,Malacards,RegNetwork
400,TP53,EFEMP1,Malacards,RegNetwork
401,TP53,EGFR,Malacards,RegNetwork
402,TP53,EGR1,Malacards,RegNetwork
403,TP53,EPCAM,Malacards,RegNetwork
404,TP53,EPHA2,Malacards,RegNetwork
405,TP53,ERBB2,Malacards,RegNetwork
406,TP53,ESR1,Malacards,RegNetwork
407,TP53,ETS1,Malacards,RegNetwork
408,TP53,EZH2,Malacards,RegNetwork
409,TP53,FBLN1,Malacards,RegNetwork
410,TP53,FBLN2,Malacards,RegNetwork
411,TP53,FDXR,Malacards,RegNetwork
412,TP53,FKBP3,Malacards,RegNetwork
413,TP53,FNBP4,Malacards,RegNetwork
414,TP53,FOS,Malacards,RegNetwork
415,TP53,FOXD1,Malacards,RegNetwork
416,TP53,GADD45B,Malacards,RegNetwork
417,TP53,GADD45G,Malacards,RegNetwork
418,TP53,GAMT,Malacards,RegNetwork
419,TP53,GAS1,Malacards,RegNetwork
420,TP53,GCLM,Malacards,RegNetwork
421,TP53,GDF15,Malacards,RegNetwork
422,TP53,GML,Malacards,RegNetwork
423,TP53,GTSE1,Malacards,RegNetwork
424,TP53,HIPK2,Malacards,RegNetwork
425,TP53,HMGN2,Malacards,RegNetwork
426,TP53,HSP90AB1,Malacards,RegNetwork
427,TP53,HSPA1A,Malacards,RegNetwork
428,TP53,HSPA4,Malacards,RegNetwork
429,TP53,HTT,Malacards,RegNetwork
430,TP53,IER3,Malacards,RegNetwork
431,TP53,IFI16,Malacards,RegNetwork
432,TP53,IGF1R,Malacards,RegNetwork
433,TP53,IL11,Malacards,RegNetwork
434,TP53,IL15,Malacards,RegNetwork
435,TP53,IL15RA,Malacards,RegNetwork
436,TP53,IL1B,Malacards,RegNetwork
437,TP53,ATM,Malacards,RegNetwork
438,TP53,ATR,Malacards,RegNetwork
439,TP53,BAX,Malacards,RegNetwork
440,TP53,BCL2,Malacards,RegNetwork
441,TP53,CDKN1A,Malacards,RegNetwork
442,TP53,CHEK1,Malacards,RegNetwork
443,TP53,CHEK2,Malacards,RegNetwork
444,TP53,CREBBP,Malacards,RegNetwork
445,TP53,EP300,Malacards,RegNetwork
446,TP53,MAPK10,Malacards,RegNetwork
447,TP53,MAPK11,Malacards,RegNetwork
448,TP53,MAPK12,Malacards,RegNetwork
449,TP53,MAPK13,Malacards,RegNetwork
450,TP53,MAPK14,Malacards,RegNetwork
451,TP53,MAPK8,Malacards,RegNetwork
452,TP53,MAPK9,Malacards,RegNetwork
453,TP53,MDM2,Malacards,RegNetwork
454,TP53,MDM4,Malacards,RegNetwork
455,TP53,PRKDC,Malacards,RegNetwork
456,TP53,SIAH1,Malacards,RegNetwork
457,TP53,TP73,Malacards,RegNetwork
458,TP53,ATF3,Malacards,RegNetwork
459,TP53,BAG1,Malacards,RegNetwork
460,TP53,BAI2,Malacards,RegNetwork
461,TP53,BAK1,Malacards,RegNetwork
462,TP53,BBC3,Malacards,RegNetwork
463,TP53,BCL2,Malacards,RegNetwork
464,TP53,BCL2L1,Malacards,RegNetwork
465,TP53,BCL3,Malacards,RegNetwork
466,TP53,BDKRB1,Malacards,RegNetwork
467,TP53,BIRC2,Malacards,RegNetwork
468,TP53,BIRC3,Malacards,RegNetwork
469,TP53,BIRC5,Malacards,RegNetwork
470,TP53,BIRC6,Malacards,RegNetwork
471,TP53,BIRC7,Malacards,RegNetwork
472,TP53,BIRC8,Malacards,RegNetwork
473,TP53,BLM,Malacards,RegNetwork
474,TP53,BRCA1,Malacards,RegNetwork
475,TP53,BRCA2,Malacards,RegNetwork
476,TP53,BTG1,Malacards,RegNetwork
477,TP53,C16orf53,Malacards,RegNetwork
478,TP53,CABLES1,Malacards,RegNetwork
479,TP53,CASP1,Malacards,RegNetwork
480,TP53,CASP3,Malacards,RegNetwork
481,TP53,CASP8,Malacards,RegNetwork
482,TP53,CCNA1,Malacards,RegNetwork
483,TP53,CCNA2,Malacards,RegNetwork
484,TP53,CCNB1,Malacards,RegNetwork
485,TP53,CCND1,Malacards,RegNetwork
486,TP53,CCNE1,Malacards,RegNetwork
487,TP53,IL2,Malacards,RegNetwork
488,TP53,IL4,Malacards,RegNetwork
489,TP53,IL6,Malacards,RegNetwork
490,TP53,hsa-miR-519d,Malacards,RegNetwork
491,TP53,hsa-miR-34c,Malacards,RegNetwork
492,TP53,hsa-miR-34b,Malacards,RegNetwork
493,TP53,hsa-miR-34a,Malacards,RegNetwork
494,TP53,hsa-miR-215,Malacards,RegNetwork
495,TP53,hsa-miR-200c,Malacards,RegNetwork
496,TP53,hsa-miR-200b,Malacards,RegNetwork
497,TP53,hsa-miR-200a,Malacards,RegNetwork
498,TP53,hsa-miR-194,Malacards,RegNetwork
499,TP53,hsa-miR-192,Malacards,RegNetwork
500,TP53,hsa-miR-155,Malacards,RegNetwork
501,TP53,hsa-miR-145,Malacards,RegNetwork
502,TP53,hsa-miR-143,Malacards,RegNetwork
503,TP53,hsa-miR-125b,Malacards,RegNetwork
504,TP53,hsa-miR-107,Malacards,RegNetwork
505,TP53,IL8,Malacards,RegNetwork
506,TP53,ING1,Malacards,RegNetwork
507,TP53,KAT5,Malacards,RegNetwork
508,TP53,KIN,Malacards,RegNetwork
509,TP53,KLF6,Malacards,RegNetwork
510,TP53,KLK3,Malacards,RegNetwork
511,TP53,KLKB1,Malacards,RegNetwork
512,TP53,LGALS3,Malacards,RegNetwork
513,TP53,LIG1,Malacards,RegNetwork
514,TP53,LIG3,Malacards,RegNetwork
515,TP53,LIG4,Malacards,RegNetwork
516,TP53,LITAF,Malacards,RegNetwork
517,TP53,LOC254896,Malacards,RegNetwork
518,TP53,LPPR1,Malacards,RegNetwork
519,TP53,LRIG1,Malacards,RegNetwork
520,TP53,LSR,Malacards,RegNetwork
521,TP53,MAD1L1,Malacards,RegNetwork
522,TP53,MAPK1,Malacards,RegNetwork
523,TP53,MAPK8,Malacards,RegNetwork
524,TP53,MAPK9,Malacards,RegNetwork
525,TP53,MBD4,Malacards,RegNetwork
526,TP53,MCM2,Malacards,RegNetwork
527,TP53,MCM7,Malacards,RegNetwork
528,TP53,MDM2,Malacards,RegNetwork
529,TP53,MDM4,Malacards,RegNetwork
530,TP53,MGMT,Malacards,RegNetwork
531,TP53,MIF,Malacards,RegNetwork
532,TP53,MKI67,Malacards,RegNetwork
533,TP53,MMAB,Malacards,RegNetwork
534,TP53,MMP13,Malacards,RegNetwork
535,TP53,MMP2,Malacards,RegNetwork
536,TP53,MSH2,Malacards,RegNetwork
537,TP53,MUC2,Malacards,RegNetwork
538,TP53,MYC,Malacards,RegNetwork
539,TP53,NAIP,Malacards,RegNetwork
540,TP53,NDRG1,Malacards,RegNetwork
541,TP53,NFIC,Malacards,RegNetwork
542,TP53,NHLH2,Malacards,RegNetwork
543,TP53,NINJ1,Malacards,RegNetwork
544,TP53,NINJ2,Malacards,RegNetwork
545,TP53,NLRC4,Malacards,RegNetwork
546,TP53,NME1,Malacards,RegNetwork
547,TP53,NOL3,Malacards,RegNetwork
548,TP53,NOS2,Malacards,RegNetwork
549,TP53,NOS3,Malacards,RegNetwork
550,TP53,NTHL1,Malacards,RegNetwork
551,TP53,P2RX1,Malacards,RegNetwork
552,TP53,P2RX2,Malacards,RegNetwork
553,TP53,P2RX3,Malacards,RegNetwork
554,TP53,P2RX4,Malacards,RegNetwork
555,TP53,P2RX5,Malacards,RegNetwork
556,TP53,P2RX6,Malacards,RegNetwork
557,TP53,PAPD7,Malacards,RegNetwork
558,TP53,PCBP4,Malacards,RegNetwork
559,TP53,PCNA,Malacards,RegNetwork
560,TP53,PEG3,Malacards,RegNetwork
561,TP53,PIAS3,Malacards,RegNetwork
562,TP53,PIDD,Malacards,RegNetwork
563,TP53,PIK3CA,Malacards,RegNetwork
564,TP53,PLK1,Malacards,RegNetwork
565,TP53,PLK2,Malacards,RegNetwork
566,TP53,PLK3,Malacards,RegNetwork
567,TP53,PML,Malacards,RegNetwork
568,TP53,POLD1,Malacards,RegNetwork
569,TP53,PPM1D,Malacards,RegNetwork
570,TP53,PPP1R7,Malacards,RegNetwork
571,TP53,PPP2R4,Malacards,RegNetwork
572,TP53,PRG1,Malacards,RegNetwork
573,TP53,PRKAB1,Malacards,RegNetwork
574,TP53,PRODH,Malacards,RegNetwork
575,TP53,PSEN1,Malacards,RegNetwork
576,TP53,PTGS1,Malacards,RegNetwork
577,TP53,PTGS2,Malacards,RegNetwork
578,TP53,PTHLH,Malacards,RegNetwork
579,TP53,PTK2B,Malacards,RegNetwork
580,TP53,PTPN13,Malacards,RegNetwork
581,TP53,PTTG1,Malacards,RegNetwork
582,TP53,RAD51,Malacards,RegNetwork
583,TP53,RAD51B,Malacards,RegNetwork
584,TP53,RB1,Malacards,RegNetwork
585,TP53,RCHY1,Malacards,RegNetwork
586,TP53,RELA,Malacards,RegNetwork
587,TP53,REXO2,Malacards,RegNetwork
588,TP53,RFWD2,Malacards,RegNetwork
589,TP53,RHOA,Malacards,RegNetwork
590,TP53,RPRM,Malacards,RegNetwork
591,TP53,RPS6KA1,Malacards,RegNetwork
592,TP53,RRM2,Malacards,RegNetwork
593,TP53,S100A4,Malacards,RegNetwork
594,TP53,S100A8,Malacards,RegNetwork
595,TP53,S100A9,Malacards,RegNetwork
596,TP53,S100B,Malacards,RegNetwork
597,TP53,SERPINE1,Malacards,RegNetwork
598,TP53,SESN3,Malacards,RegNetwork
599,TP53,SHISA5,Malacards,RegNetwork
600,TP53,SIRT1,Malacards,RegNetwork
601,TP53,SIVA1,Malacards,RegNetwork
602,TP53,SLC19A1,Malacards,RegNetwork
603,TP53,SMPD1,Malacards,RegNetwork
604,TP53,SMPD2,Malacards,RegNetwork
605,TP53,SMPD3,Malacards,RegNetwork
606,TP53,SSTR2,Malacards,RegNetwork
607,TP53,STAT1,Malacards,RegNetwork
608,TP53,STAT3,Malacards,RegNetwork
609,TP53,BAX,Malacards,RegNetwork
610,TP53,CCNG1,Malacards,RegNetwork
611,TP53,CDKN1A,Malacards,RegNetwork
612,TP53,EI24,Malacards,RegNetwork
613,TP53,PMAIP1,Malacards,RegNetwork
614,TP53,SIAH1,Malacards,RegNetwork
615,TP53,TP73,Malacards,RegNetwork
616,TP53,STEAP3,Malacards,RegNetwork
617,TP53,STMN1,Malacards,RegNetwork
618,TP53,SYK,Malacards,RegNetwork
619,TP53,TAF9,Malacards,RegNetwork
620,TP53,TBP,Malacards,RegNetwork
621,TP53,TERT,Malacards,RegNetwork
622,TP53,TFRC,Malacards,RegNetwork
623,TP53,TGFA,Malacards,RegNetwork
624,TP53,TGFB1,Malacards,RegNetwork
625,TP53,TGM1,Malacards,RegNetwork
626,TP53,TIMP3,Malacards,RegNetwork
627,TP53,TK1,Malacards,RegNetwork
628,TP53,TNF,Malacards,RegNetwork
629,TP53,TNFRSF10A,Malacards,RegNetwork
630,TP53,TNFSF10,Malacards,RegNetwork
631,TP53,TOP2A,Malacards,RegNetwork
632,TP53,TOPORS,Malacards,RegNetwork
633,TP53,TP53,Malacards,RegNetwork
634,TP53,TP53BP1,Malacards,RegNetwork
635,TP53,TP53BP2,Malacards,RegNetwork
636,TP53,TP53I11,Malacards,RegNetwork
637,TP53,TP53INP1,Malacards,RegNetwork
638,TP53,TP53TG1,Malacards,RegNetwork
639,TP53,TP53TG5,Malacards,RegNetwork
640,TP53,TP63,Malacards,RegNetwork
641,TP53,TRIM22,Malacards,RegNetwork
642,TP53,TRIM26,Malacards,RegNetwork
643,TP53,TSC2,Malacards,RegNetwork
644,TP53,TUBA4A,Malacards,RegNetwork
645,TP53,TYMS,Malacards,RegNetwork
646,TP53,TYR,Malacards,RegNetwork
647,TP53,TYRP1,Malacards,RegNetwork
648,TP53,UBE2L3,Malacards,RegNetwork
649,TP53,UNC5B,Malacards,RegNetwork
650,TP53,VCAN,Malacards,RegNetwork
651,TP53,VEGFA,Malacards,RegNetwork
652,TP53,WRN,Malacards,RegNetwork
653,TP53,XIAP,Malacards,RegNetwork
654,TP53,XPC,Malacards,RegNetwork
655,TP53,XRCC5,Malacards,RegNetwork
656,TP53,APAF1,Malacards,RegNetwork
657,TP53,BAI1,Malacards,RegNetwork
658,TP53,BTG2,Malacards,RegNetwork
659,TP53,CAV1,Malacards,RegNetwork
660,TP53,CD82,Malacards,RegNetwork
661,TP53,DDB2,Malacards,RegNetwork
662,TP53,DDIT4,Malacards,RegNetwork
663,TP53,ETS2,Malacards,RegNetwork
664,TP53,FAS,Malacards,RegNetwork
665,TP53,GADD45A,Malacards,RegNetwork
666,TP53,HIC1,Malacards,RegNetwork
667,TP53,HIPK1,Malacards,RegNetwork
668,TP53,HRAS,Malacards,RegNetwork
669,TP53,IGF2,Malacards,RegNetwork
670,TP53,IGFBP3,Malacards,RegNetwork
671,TP53,JAK2,Malacards,RegNetwork
672,TP53,MAP4,Malacards,RegNetwork
673,TP53,NFATC4,Malacards,RegNetwork
674,TP53,PERP,Malacards,RegNetwork
675,TP53,PRG3,Malacards,RegNetwork
676,TP53,PTEN,Malacards,RegNetwork
677,TP53,RRM2B,Malacards,RegNetwork
678,TP53,SERPINB5,Malacards,RegNetwork
679,TP53,SESN1,Malacards,RegNetwork
680,TP53,SESN2,Malacards,RegNetwork
681,TP53,SFN,Malacards,RegNetwork
682,TP53,TBXAS1,Malacards,RegNetwork
683,TP53,THBS1,Malacards,RegNetwork
684,TP53,TNFRSF10B,Malacards,RegNetwork
685,TP53,TP53I3,Malacards,RegNetwork
686,TP53,ZMAT3,Malacards,RegNetwork
687,TP53,ABCB1,Malacards,RegNetwork
688,TP53,ABCC1,Malacards,RegNetwork
689,TP53,ABCC2,Malacards,RegNetwork
690,TP53,ABCC3,Malacards,RegNetwork
691,TP53,ABCC4,Malacards,RegNetwork
692,TP53,AFP,Malacards,RegNetwork
693,TP53,AIFM2,Malacards,RegNetwork
694,TP53,AKT1,Malacards,RegNetwork
695,TP53,ALDH1A3,Malacards,RegNetwork
696,TP53,AMH,Malacards,RegNetwork
697,TP53,ANTXR1,Malacards,RegNetwork
698,TP53,APCS,Malacards,RegNetwork
699,TP53,AQP1,Malacards,RegNetwork
700,TP53,ARID3A,Malacards,RegNetwork
701,TP53,ATR,Malacards,RegNetwork
702,TP53,ATM,Malacards,RegNetwork
703,TP53,BBC3,Malacards,RegNetwork
704,TP53,BRCA1,Malacards,RegNetwork
705,TP53,CEBPA,Malacards,RegNetwork
706,TP53,CREBBP,Malacards,RegNetwork
707,TP53,E2F4,Malacards,RegNetwork
708,TP53,EGR1,Malacards,RegNetwork
709,TP53,EP300,Malacards,RegNetwork
710,TP53,ETS1,Malacards,RegNetwork
711,TP53,ETS2,Malacards,RegNetwork
712,TP53,FOS,Malacards,RegNetwork
713,TP53,HIF1A,Malacards,RegNetwork
714,TP53,HOXA5,Malacards,RegNetwork
715,TP53,JUN,Malacards,RegNetwork
716,TP53,MDM4,Malacards,RegNetwork
717,TP53,MYC,Malacards,RegNetwork
718,TP53,NFIA,Malacards,RegNetwork
719,TP53,NFIC,Malacards,RegNetwork
720,TP53,NFKB1,Malacards,RegNetwork
721,TP53,PAX2,Malacards,RegNetwork
722,TP53,PAX8,Malacards,RegNetwork
723,TP53,RELA,Malacards,RegNetwork
724,TP53,STAT1,Malacards,RegNetwork
725,TP53,TP53,Malacards,RegNetwork
726,TP53,TP73,Malacards,RegNetwork
727,TP53,USF1,Malacards,RegNetwork
728,TP53,WT1,Malacards,RegNetwork
729,TP53,PIAS1,Malacards,STRING
730,TP53,BRCA2,Malacards,STRING
731,TP53,PTGS2,Malacards,STRING
732,TP53,S100B,Malacards,STRING
733,TP53,GSK3B,Malacards,STRING
734,TP53,RPS27A,Malacards,STRING
735,TP53,CDKN2A,Malacards,STRING
736,TP53,MDM4,Malacards,STRING
737,TP53,NPM1,Malacards,STRING
738,TP53,KAT5,Malacards,STRING
739,TP53,ESR1,Malacards,STRING
740,TP53,TBP,Malacards,STRING
741,TP53,RPL5,Malacards,STRING
742,TP53,CSNK2A1,Malacards,STRING
743,TP53,ATF3,Malacards,STRING
744,TP53,PIAS2,Malacards,STRING
745,TP53,RPA1,Malacards,STRING
746,TP53,BAK1,Malacards,STRING
747,TP53,BCL2,Malacards,STRING
748,TP53,BLM,Malacards,STRING
749,TP53,BARD1,Malacards,STRING
750,TP53,DDX5,Malacards,STRING
751,TP53,HSPA9,Malacards,STRING
752,TP53,ATR,Malacards,STRING
753,TP53,ING4,Malacards,STRING
754,TP53,BANP,Malacards,STRING
755,TP53,UBE3A,Malacards,STRING
756,TP53,PPP1R13L,Malacards,STRING
757,TP53,WWOX,Malacards,STRING
758,TP53,CSNK1A1,Malacards,STRING
759,TP53,CHEK1,Malacards,STRING
760,TP53,HSPA1A,Malacards,STRING
761,TP53,CUL9,Malacards,STRING
762,TP53,AK6,Malacards,STRING
763,TP53,STUB1,Malacards,STRING
764,TP53,WRN,Malacards,STRING
765,TP53,HSPA8,Malacards,STRING
766,TP53,PARP1,Malacards,STRING
767,TP53,GTF2H1,Malacards,STRING
768,TP53,CHEK2,Malacards,STRING
769,TP53,SETD7,Malacards,STRING
770,TP53,E4F1,Malacards,STRING
771,TP53,UBE2D1,Malacards,STRING
772,TP53,USP10,Malacards,STRING
773,TP53,PIN1,Malacards,STRING
774,TP53,UBE2A,Malacards,STRING
775,TP53,SP1,Malacards,STRING
776,TP53,HIF1A,Malacards,STRING
777,TP53,CDK2,Malacards,STRING
778,TP53,XPO1,Malacards,STRING
779,TP53,BCL2L1,Malacards,STRING
780,TP53,SMAD2,Malacards,STRING
781,TP53,TOPORS,Malacards,STRING
782,TP53,NDN,Malacards,STRING
783,TP53,PLK1,Malacards,STRING
784,TP53,CUL7,Malacards,STRING
785,TP53,SMYD2,Malacards,STRING
786,TP53,CDK9,Malacards,STRING
787,TP53,TADA3,Malacards,STRING
788,TP53,NQO1,Malacards,STRING
789,TP53,KAT8,Malacards,STRING
790,TP53,DAXX,Malacards,STRING
791,TP53,HDAC1,Malacards,STRING
792,TP53,SFN,Malacards,STRING
793,TP53,ATM,Malacards,STRING
794,TP53,PTEN,Malacards,STRING
795,TP53,TP53BP2,Malacards,STRING
796,TP53,MAPK14,Malacards,STRING
797,TP53,RCHY1,Malacards,STRING
798,TP53,WT1,Malacards,STRING
799,TP53,HMGB1,Malacards,STRING
800,TP53,COPS5,Malacards,STRING
801,TP53,SIRT1,Malacards,STRING
802,TP53,SMARCA4,Malacards,STRING
803,TP53,TP53BP1,Malacards,STRING
804,TP53,HIPK2,Malacards,STRING
805,TP53,TP63,Malacards,STRING
806,TP53,HSPB1,Malacards,STRING
807,TP53,S100A4,Malacards,STRING
808,TP53,PPP2R1A,Malacards,STRING
809,TP53,MAPK1,Malacards,STRING
810,TP53,PPP2R5C,Malacards,STRING
811,TP53,HERC2,Malacards,STRING
812,TP53,YBX1,Malacards,STRING
813,TP53,RFWD2,Malacards,STRING
814,TP53,KAT2B,Malacards,STRING
815,TP53,PRKDC,Malacards,STRING
816,TP53,UBE2I,Malacards,STRING
817,TP53,FOXO3,Malacards,STRING
818,TP53,RPL11,Malacards,STRING
819,TP53,YY1,Malacards,STRING
820,TP53,USP7,Malacards,STRING
821,TP53,SUMO1,Malacards,STRING
822,TP53,HSP90AA1,Malacards,STRING
823,TP53,TP73,Malacards,STRING
824,TP53,MUL1,Malacards,STRING
825,TP53,CDKN1A,Malacards,STRING
826,TP53,AURKA,Malacards,STRING
827,TP53,BAX,Malacards,STRING
828,TP53,CSNK1D,Malacards,STRING
829,TP53,NUMB,Malacards,STRING
830,TP53,EP300,Malacards,STRING
831,TP53,HSPA4,Malacards,STRING
832,TP53,MAPK8,Malacards,STRING
833,TP53,PTK2,Malacards,STRING
834,TP53,MTA1,Malacards,STRING
835,TP53,BRCA1,Malacards,STRING
836,TP53,TOP1,Malacards,STRING
837,TP53,BRD7,Malacards,STRING
838,TP53,MDM2,Malacards,STRING
839,TP53,HDAC2,Malacards,STRING
840,TP53,RAD51,Malacards,STRING
841,TP53,VRK1,Malacards,STRING
842,TP53,EGR1,Malacards,STRING
843,TP53,PML,Malacards,STRING
844,TP53,CREBBP,Malacards,STRING
845,TP53,CREB1,Malacards,STRING
846,KRAS,ETS2,Malacards,RegNetwork
847,KRAS,FOS,Malacards,RegNetwork
848,KRAS,JUN,Malacards,RegNetwork
849,KRAS,NCOA4,Malacards,RegNetwork
850,KRAS,NR3C2,Malacards,RegNetwork
851,KRAS,NRAS,Malacards,STRING
852,KRAS,LZTR1,Malacards,STRING
853,KRAS,RAF1,Malacards,STRING
854,KRAS,HRAS,Malacards,STRING
855,KRAS,BRAF,Malacards,STRING
856,RB1CC1,ATG13,Malacards,STRING
857,RB1CC1,C9orf72,Malacards,STRING
858,RB1CC1,ATG16L1,Malacards,STRING
859,RB1CC1,ULK1,Malacards,STRING
860,BRCA1,AKR1B1,Malacards,RegNetwork
861,BRCA1,TP53,Malacards,RegNetwork
862,BRCA1,TAF10,Malacards,RegNetwork
863,BRCA1,STAT3,Malacards,RegNetwork
864,BRCA1,ELK4,Malacards,RegNetwork
865,BRCA1,ELK1,Malacards,RegNetwork
866,BRCA1,DDB2,Malacards,RegNetwork
867,BRCA1,hsa-miR-146b,Malacards,RegNetwork
868,BRCA1,hsa-miR-146a,Malacards,RegNetwork
869,BRCA1,BCL2,Malacards,RegNetwork
870,BRCA1,AREG,Malacards,RegNetwork
871,BRCA1,AR,Malacards,RegNetwork
872,BRCA1,ESR1,Malacards,RegNetwork
873,BRCA1,ERG,Malacards,RegNetwork
874,BRCA1,ETS1,Malacards,RegNetwork
875,BRCA1,GADD45A,Malacards,RegNetwork
876,BRCA1,IGF1R,Malacards,RegNetwork
877,BRCA1,JAK1,Malacards,RegNetwork
878,BRCA1,JAK2,Malacards,RegNetwork
879,BRCA1,KCNH4,Malacards,RegNetwork
880,BRCA1,KCNH8,Malacards,RegNetwork
881,BRCA1,PCNA,Malacards,RegNetwork
882,BRCA1,ATF1,Malacards,RegNetwork
883,BRCA1,CREB1,Malacards,RegNetwork
884,BRCA1,E2F4,Malacards,RegNetwork
885,BRCA1,ETS2,Malacards,RegNetwork
886,BRCA1,ETV4,Malacards,RegNetwork
887,BRCA1,NFKB1,Malacards,RegNetwork
888,BRCA1,SP1,Malacards,RegNetwork
889,BRCA1,TP53,Malacards,RegNetwork
890,BRCA1,USF2,Malacards,RegNetwork
891,BRCA1,UBE2K,Malacards,STRING
892,BRCA1,ACACA,Malacards,STRING
893,BRCA1,UBE2D1,Malacards,STRING
894,BRCA1,MYC,Malacards,STRING
895,BRCA1,ATRIP,Malacards,STRING
896,BRCA1,PALB2,Malacards,STRING
897,BRCA1,CDK2,Malacards,STRING
898,BRCA1,PLK1,Malacards,STRING
899,BRCA1,RAD50,Malacards,STRING
900,BRCA1,FANCA,Malacards,STRING
901,BRCA1,WRN,Malacards,STRING
902,BRCA1,BRCC3,Malacards,STRING
903,BRCA1,UBE2N,Malacards,STRING
904,BRCA1,H2AFX,Malacards,STRING
905,BRCA1,CHEK2,Malacards,STRING
906,BRCA1,BARD1,Malacards,STRING
907,BRCA1,BLM,Malacards,STRING
908,BRCA1,RPA1,Malacards,STRING
909,BRCA1,ATR,Malacards,STRING
910,BRCA1,RB1,Malacards,STRING
911,BRCA1,ZNF350,Malacards,STRING
912,BRCA1,AKT1,Malacards,STRING
913,BRCA1,FANCD2,Malacards,STRING
914,BRCA1,UBE2E2,Malacards,STRING
915,BRCA1,BABAM1,Malacards,STRING
916,BRCA1,MLH1,Malacards,STRING
917,BRCA1,RBBP8,Malacards,STRING
918,BRCA1,BRCA2,Malacards,STRING
919,BRCA1,TUBG1,Malacards,STRING
920,BRCA1,ESR1,Malacards,STRING
921,BRCA1,MSH2,Malacards,STRING
922,BRCA1,MDC1,Malacards,STRING
923,BRCA1,TP53,Malacards,STRING
924,BRCA1,RAD51,Malacards,STRING
925,BRCA1,POLR2A,Malacards,STRING
926,BRCA1,UBE2D3,Malacards,STRING
927,BRCA1,CREBBP,Malacards,STRING
928,BRCA1,UBE2E1,Malacards,STRING
929,BRCA1,EP300,Malacards,STRING
930,BRCA1,BRIP1,Malacards,STRING
931,BRCA1,UBE2W,Malacards,STRING
932,BRCA1,TOPBP1,Malacards,STRING
933,BRCA1,UBE2E3,Malacards,STRING
934,BRCA1,MRE11A,Malacards,STRING
935,BRCA1,ATM,Malacards,STRING
936,BRCA1,UIMC1,Malacards,STRING
937,BRCA1,TP53BP1,Malacards,STRING
938,BRCA1,NBN,Malacards,STRING
939,BRCA1,FAM175A,Malacards,STRING
940,NBN,ATM,Malacards,STRING
941,NBN,MRE11A,Malacards,STRING
942,NBN,RBBP8,Malacards,STRING
943,NBN,TERF2IP,Malacards,STRING
944,NBN,H2AFX,Malacards,STRING
945,NBN,RAD50,Malacards,STRING
946,NBN,TERF2,Malacards,STRING
947,NBN,BRCA1,Malacards,STRING
948,NBN,MDC1,Malacards,STRING
949,XRCC3,BRCA2,Malacards,STRING
950,XRCC3,RAD51C,Malacards,STRING
951,XRCC3,RAD51,Malacards,STRING
952,CASP8,ETS1,Malacards,RegNetwork
953,CASP8,IKBKB,Malacards,RegNetwork
954,CASP8,IKBKG,Malacards,RegNetwork
955,CASP8,MYC,Malacards,RegNetwork
956,CASP8,NFKBIA,Malacards,RegNetwork
957,CASP8,RELA,Malacards,RegNetwork
958,CASP8,TP53,Malacards,RegNetwork
959,CASP8,SQSTM1,Malacards,STRING
960,CASP8,TRAF6,Malacards,STRING
961,CASP8,TRADD,Malacards,STRING
962,CASP8,CFLAR,Malacards,STRING
963,CASP8,CASP10,Malacards,STRING
964,CASP8,CUL3,Malacards,STRING
965,CASP8,BCAP31,Malacards,STRING
966,CASP8,FAS,Malacards,STRING
967,CASP8,RIPK3,Malacards,STRING
968,CASP8,TNFSF10,Malacards,STRING
969,CASP8,TNFRSF10A,Malacards,STRING
970,CASP8,FADD,Malacards,STRING
971,CASP8,TRAF2,Malacards,STRING
972,CASP8,BIRC2,Malacards,STRING
973,CASP8,CASP3,Malacards,STRING
974,CASP8,TNFRSF10B,Malacards,STRING
975,CASP8,RIPK1,Malacards,STRING
976,CASP8,FASLG,Malacards,STRING
977,PHB,MYC,Malacards,RegNetwork
978,PHB,SSR1,Malacards,STRING
979,PHB,RAF1,Malacards,STRING
980,PHB,E2F1,Malacards,STRING
981,PHB,HDAC1,Malacards,STRING
982,PHB,PHB2,Malacards,STRING
983,PHB,RB1,Malacards,STRING
984,PPM1D,TP53,Malacards,RegNetwork
985,HMMR,E2F4,Malacards,RegNetwork
986,HMMR,MYB,Malacards,RegNetwork
987,HMMR,MYC,Malacards,RegNetwork
988,HMMR,FAM83D,Malacards,STRING
989,HMMR,BACH1,Malacards,STRING
990,HMMR,MORN4,Malacards,STRING
991,ERBB2,ATF1,Malacards,RegNetwork
992,ERBB2,CREB1,Malacards,RegNetwork
993,ERBB2,CTNNB1,Malacards,RegNetwork
994,ERBB2,ELK1,Malacards,RegNetwork
995,ERBB2,ETS1,Malacards,RegNetwork
996,ERBB2,ETV4,Malacards,RegNetwork
997,ERBB2,MYB,Malacards,RegNetwork
998,ERBB2,TFAP2A,Malacards,RegNetwork
999,ERBB2,TP53,Malacards,RegNetwork
1000,ERBB2,PTK2,Malacards,STRING
1001,ERBB2,PIK3R1,Malacards,STRING
1002,ERBB2,ERBB4,Malacards,STRING
1003,ERBB2,GRB2,Malacards,STRING
1004,ERBB2,HSP90AA1,Malacards,STRING
1005,ERBB2,EGFR,Malacards,STRING
1006,ERBB2,LRIG1,Malacards,STRING
1007,ERBB2,SHC1,Malacards,STRING
1008,ERBB2,PTPN11,Malacards,STRING
1009,ERBB2,POLR1A,Malacards,STRING
1010,ERBB2,CD44,Malacards,STRING
1011,ERBB2,GRB7,Malacards,STRING
1012,ERBB2,KPNB1,Malacards,STRING
1013,ERBB2,STUB1,Malacards,STRING
1014,ERBB2,ERBB2IP,Malacards,STRING
1015,ERBB2,RANBP2,Malacards,STRING
1016,ERBB2,STAT3,Malacards,STRING
1017,ERBB2,ERBB3,Malacards,STRING
1018,ERBB2,EEA1,Malacards,STRING
1019,ERBB2,SRC,Malacards,STRING
1020,ERBB2,PIK3R2,Malacards,STRING
1021,PTEN,hsa-miR-302a,Malacards,RegNetwork
1022,PTEN,hsa-miR-25,Malacards,RegNetwork
1023,PTEN,hsa-miR-22,Malacards,RegNetwork
1024,PTEN,hsa-miR-21,Malacards,RegNetwork
1025,PTEN,hsa-miR-19a,Malacards,RegNetwork
1026,PTEN,hsa-miR-302d,Malacards,RegNetwork
1027,PTEN,hsa-miR-302f,Malacards,RegNetwork
1028,PTEN,hsa-miR-302c,Malacards,RegNetwork
1029,PTEN,hsa-miR-302b,Malacards,RegNetwork
1030,PTEN,EGR1,Malacards,RegNetwork
1031,PTEN,MYC,Malacards,RegNetwork
1032,PTEN,TP53,Malacards,RegNetwork
1033,PTEN,SLC9A3R1,Malacards,STRING
1034,PTEN,WWP2,Malacards,STRING
1035,PTEN,DLG1,Malacards,STRING
1036,PTEN,SPOP,Malacards,STRING
1037,PTEN,USP13,Malacards,STRING
1038,PTEN,USP7,Malacards,STRING
1039,PTEN,MAST2,Malacards,STRING
1040,PTEN,PDGFRB,Malacards,STRING
1041,PTEN,PTK2,Malacards,STRING
1042,PTEN,TP53,Malacards,STRING
1043,PTEN,NEDD4,Malacards,STRING
1044,MSH6,SP3,Malacards,RegNetwork
1045,MSH6,PCNA,Malacards,STRING
1046,MSH6,MLH1,Malacards,STRING
1047,MSH6,MSH2,Malacards,STRING
1048,APC,TBL1Y,Malacards,RegNetwork
1049,APC,ARHGEF4,Malacards,RegNetwork
1050,APC,AXIN1,Malacards,RegNetwork
1051,APC,AXIN2,Malacards,RegNetwork
1052,APC,CTNNB1,Malacards,RegNetwork
1053,APC,DVL1,Malacards,RegNetwork
1054,APC,DVL2,Malacards,RegNetwork
1055,APC,DVL3,Malacards,RegNetwork
1056,APC,TBL1XR1,Malacards,RegNetwork
1057,APC,TBL1X,Malacards,RegNetwork
1058,APC,CTNNB1,Malacards,RegNetwork
1059,APC,MYC,Malacards,RegNetwork
1060,APC,POU2F1,Malacards,RegNetwork
1061,APC,TBL1X,Malacards,RegNetwork
1062,APC,TFAP2A,Malacards,RegNetwork
1063,APC,USF1,Malacards,RegNetwork
1064,APC,USF2,Malacards,RegNetwork
1065,APC,AXIN1,Malacards,STRING
1066,APC,GSK3B,Malacards,STRING
1067,APC,BTRC,Malacards,STRING
1068,APC,CTNNBIP1,Malacards,STRING
1069,APC,AMER1,Malacards,STRING
1070,APC,KHDRBS1,Malacards,STRING
1071,APC,MAPRE1,Malacards,STRING
1072,APC,ARHGEF4,Malacards,STRING
1073,APC,ASAP1,Malacards,STRING
1074,APC,CTNNB1,Malacards,STRING
1075,APC,CTNNA1,Malacards,STRING
1076,APC,CSNK1E,Malacards,STRING
1077,APC,CTBP1,Malacards,STRING
1078,APC,JUP,Malacards,STRING
1079,RAD51D,RAD51C,Malacards,STRING
1080,RAD51D,RAD51B,Malacards,STRING
1081,RAD51D,XRCC2,Malacards,STRING
1082,MSH2,E2F1,Malacards,RegNetwork
1083,MSH2,E2F4,Malacards,RegNetwork
1084,MSH2,MYC,Malacards,RegNetwork
1085,MSH2,TP53,Malacards,RegNetwork
1086,MSH2,MSH6,Malacards,STRING
1087,MSH2,BRCA1,Malacards,STRING
1088,MSH2,MSH3,Malacards,STRING
1089,MSH2,EXO1,Malacards,STRING
1090,MSH2,MLH1,Malacards,STRING
1091,PMS2,FAN1,Malacards,STRING
1092,PMS2,BRIP1,Malacards,STRING
1093,PMS2,MLH1,Malacards,STRING
1094,FANCC,E2F4,Malacards,RegNetwork
1095,FANCC,FANCM,Malacards,STRING
1096,FANCC,APITD1,Malacards,STRING
1097,FANCC,FANCE,Malacards,STRING
1098,FANCC,C17orf70,Malacards,STRING
1099,FANCC,C1orf86,Malacards,STRING
1100,FANCC,FANCA,Malacards,STRING
1101,FANCC,FANCG,Malacards,STRING
1102,FANCC,STRA13,Malacards,STRING
1103,FANCC,FANCF,Malacards,STRING
1104,RAD51C,RAD51B,Malacards,STRING
1105,RAD51C,XRCC2,Malacards,STRING
1106,RAD51C,RAD51D,Malacards,STRING
1107,RAD51C,XRCC3,Malacards,STRING
1108,FANCM,C1orf86,Malacards,STRING
1109,FANCM,STRA13,Malacards,STRING
1110,FANCM,FANCF,Malacards,STRING
1111,FANCM,RMI2,Malacards,STRING
1112,FANCM,PCNA,Malacards,STRING
1113,FANCM,FANCL,Malacards,STRING
1114,FANCM,FANCC,Malacards,STRING
1115,FANCM,FANCB,Malacards,STRING
1116,FANCM,C19orf40,Malacards,STRING
1117,FANCM,C17orf70,Malacards,STRING
1118,FANCM,RPA1,Malacards,STRING
1119,FANCM,BLM,Malacards,STRING
1120,FANCM,FANCG,Malacards,STRING
1121,FANCM,APITD1,Malacards,STRING
1122,FANCM,RMI1,Malacards,STRING
1123,FANCM,RPA2,Malacards,STRING
1124,FANCM,FANCA,Malacards,STRING
1125,FANCM,FANCE,Malacards,STRING
1126,RET,EGR1,Malacards,RegNetwork
1127,RET,SMURF2,Malacards,RegNetwork
1128,RET,SP3,Malacards,RegNetwork
1129,RET,WWP1,Malacards,RegNetwork
1130,RET,SHC1,Malacards,STRING
1131,RET,GFRAL,Malacards,STRING
1132,RET,GDNF,Malacards,STRING
1133,RET,GFRA2,Malacards,STRING
1134,RET,GRB2,Malacards,STRING
1135,RET,GFRA1,Malacards,STRING
1136,RET,GDF15,Malacards,STRING
1137,RET,NRTN,Malacards,STRING
1138,RET,GFRA3,Malacards,STRING
1139,RET,STAT3,Malacards,STRING
1140,RET,PLCG1,Malacards,STRING
1141,CDC73,SUPT6H,Malacards,STRING
1142,CDC73,SUPT5H,Malacards,STRING
1143,CDC73,LEO1,Malacards,STRING
1144,CDC73,POLR2I,Malacards,STRING
1145,CDC73,POLR2B,Malacards,STRING
1146,CDC73,POLR2K,Malacards,STRING
1147,CDC73,WDR61,Malacards,STRING
1148,CDC73,POLR2F,Malacards,STRING
1149,CDC73,POLR2G,Malacards,STRING
1150,CDC73,RTF1,Malacards,STRING
1151,CDC73,SUPT4H1,Malacards,STRING
1152,CDC73,POLR2C,Malacards,STRING
1153,CDC73,POLR2A,Malacards,STRING
1154,CDC73,PAF1,Malacards,STRING
1155,CDC73,CTR9,Malacards,STRING
1156,CDC73,POLR2J,Malacards,STRING
1157,CDC73,POLR2D,Malacards,STRING
1158,CDC73,POLR2L,Malacards,STRING
1159,CDC73,POLR2E,Malacards,STRING
1160,HERC2,RPA1,Malacards,STRING
1161,HERC2,UBE3A,Malacards,STRING
1162,HERC2,USP20,Malacards,STRING
1163,HERC2,NEURL4,Malacards,STRING
1164,HERC2,TP53,Malacards,STRING
1165,HERC2,NCOA4,Malacards,STRING
1166,HERC2,RNF8,Malacards,STRING
1167,NQO2,SP1,Malacards,RegNetwork
1168,XRCC2,E2F4,Malacards,RegNetwork
1169,XRCC2,RAD51B,Malacards,STRING
1170,XRCC2,RAD51D,Malacards,STRING
1171,XRCC2,NDUFAF5,Malacards,STRING
1172,XRCC2,RAD51C,Malacards,STRING
1173,XRCC2,RAD51,Malacards,STRING
1174,ESR1,DFFB,KEGG,RegNetwork
1175,ESR1,GADD45G,KEGG,RegNetwork
1176,ESR1,SOCS2,KEGG,RegNetwork
1177,ESR1,TFAP2C,KEGG,RegNetwork
1178,ESR1,hsa-miR-92a,KEGG,RegNetwork
1179,ESR1,hsa-miR-363,KEGG,RegNetwork
1180,ESR1,hsa-miR-222,KEGG,RegNetwork
1181,ESR1,hsa-miR-221,KEGG,RegNetwork
1182,ESR1,hsa-miR-21,KEGG,RegNetwork
1183,ESR1,hsa-miR-20b,KEGG,RegNetwork
1184,ESR1,hsa-miR-20a,KEGG,RegNetwork
1185,ESR1,hsa-miR-19b,KEGG,RegNetwork
1186,ESR1,hsa-miR-19a,KEGG,RegNetwork
1187,ESR1,hsa-miR-18b,KEGG,RegNetwork
1188,ESR1,hsa-miR-18a,KEGG,RegNetwork
1189,ESR1,hsa-miR-17,KEGG,RegNetwork
1190,ESR1,hsa-miR-106a,KEGG,RegNetwork
1191,ESR1,ZNF398,KEGG,RegNetwork
1192,ESR1,WNT7A,KEGG,RegNetwork
1193,ESR1,WISP2,KEGG,RegNetwork
1194,ESR1,UBE3A,KEGG,RegNetwork
1195,ESR1,UBE2L3,KEGG,RegNetwork
1196,ESR1,TSC22D3,KEGG,RegNetwork
1197,ESR1,TNFRSF11B,KEGG,RegNetwork
1198,ESR1,TIMP4,KEGG,RegNetwork
1199,ESR1,TGFA,KEGG,RegNetwork
1200,ESR1,TFF1,KEGG,RegNetwork
1201,ESR1,TERT,KEGG,RegNetwork
1202,ESR1,TAC3,KEGG,RegNetwork
1203,ESR1,STAT5A,KEGG,RegNetwork
1204,ESR1,SRC,KEGG,RegNetwork
1205,ESR1,SP3,KEGG,RegNetwork
1206,ESR1,SP1,KEGG,RegNetwork
1207,ESR1,SOCS3,KEGG,RegNetwork
1208,ESR1,SMARCA2,KEGG,RegNetwork
1209,ESR1,SMARCA1,KEGG,RegNetwork
1210,ESR1,SMAD4,KEGG,RegNetwork
1211,ESR1,SHC1,KEGG,RegNetwork
1212,ESR1,SERPINE1,KEGG,RegNetwork
1213,ESR1,SERPINB9,KEGG,RegNetwork
1214,ESR1,SERPINB5,KEGG,RegNetwork
1215,ESR1,SELE,KEGG,RegNetwork
1216,ESR1,RUNX2,KEGG,RegNetwork
1217,ESR1,REXO4,KEGG,RegNetwork
1218,ESR1,REN,KEGG,RegNetwork
1219,ESR1,RARA,KEGG,RegNetwork
1220,ESR1,PTPRG,KEGG,RegNetwork
1221,ESR1,PTMA,KEGG,RegNetwork
1222,ESR1,PSG1,KEGG,RegNetwork
1223,ESR1,PPARG,KEGG,RegNetwork
1224,ESR1,POU1F1,KEGG,RegNetwork
1225,ESR1,PNRC1,KEGG,RegNetwork
1226,ESR1,PIK3CA,KEGG,RegNetwork
1227,ESR1,PGR,KEGG,RegNetwork
1228,ESR1,PELP1,KEGG,RegNetwork
1229,ESR1,OXT,KEGG,RegNetwork
1230,ESR1,NT5E,KEGG,RegNetwork
1231,ESR1,NR3C2,KEGG,RegNetwork
1232,ESR1,NR0B2,KEGG,RegNetwork
1233,ESR1,NOS3,KEGG,RegNetwork
1234,ESR1,NOS2,KEGG,RegNetwork
1235,ESR1,NOL3,KEGG,RegNetwork
1236,ESR1,NCOR1,KEGG,RegNetwork
1237,ESR1,NCOA3,KEGG,RegNetwork
1238,ESR1,NCOA2,KEGG,RegNetwork
1239,ESR1,NCOA1,KEGG,RegNetwork
1240,ESR1,MYC,KEGG,RegNetwork
1241,ESR1,MYB,KEGG,RegNetwork
1242,ESR1,MMP26,KEGG,RegNetwork
1243,ESR1,MEP1B,KEGG,RegNetwork
1244,ESR1,MDM2,KEGG,RegNetwork
1245,ESR1,MACROD1,KEGG,RegNetwork
1246,ESR1,LTF,KEGG,RegNetwork
1247,ESR1,KRT19,KEGG,RegNetwork
1248,ESR1,KAT2B,KEGG,RegNetwork
1249,ESR1,JUNB,KEGG,RegNetwork
1250,ESR1,JUN,KEGG,RegNetwork
1251,ESR1,ITGB1,KEGG,RegNetwork
1252,ESR1,ITGA2,KEGG,RegNetwork
1253,ESR1,IL8,KEGG,RegNetwork
1254,ESR1,IGF1,KEGG,RegNetwork
1255,ESR1,IFNAR1,KEGG,RegNetwork
1256,ESR1,HSPB1,KEGG,RegNetwork
1257,ESR1,HOXA10,KEGG,RegNetwork
1258,ESR1,GRIN2D,KEGG,RegNetwork
1259,ESR1,GNRH1,KEGG,RegNetwork
1260,ESR1,GADD45B,KEGG,RegNetwork
1261,ESR1,GADD45A,KEGG,RegNetwork
1262,ESR1,FOXO1,KEGG,RegNetwork
1263,ESR1,FOS,KEGG,RegNetwork
1264,ESR1,FBLN1,KEGG,RegNetwork
1265,ESR1,F12,KEGG,RegNetwork
1266,ESR1,ESRRA,KEGG,RegNetwork
1267,ESR1,ERG,KEGG,RegNetwork
1268,ESR1,EGFR,KEGG,RegNetwork
1269,ESR1,EGF,KEGG,RegNetwork
1270,ESR1,EBAG9,KEGG,RegNetwork
1271,ESR1,E2F1,KEGG,RegNetwork
1272,ESR1,CYR61,KEGG,RegNetwork
1273,ESR1,CYP27B1,KEGG,RegNetwork
1274,ESR1,CYP1B1,KEGG,RegNetwork
1275,ESR1,CYP1A1,KEGG,RegNetwork
1276,ESR1,CYP19A1,KEGG,RegNetwork
1277,ESR1,CXCL12,KEGG,RegNetwork
1278,ESR1,CRYZ,KEGG,RegNetwork
1279,ESR1,CRHBP,KEGG,RegNetwork
1280,ESR1,CGA,KEGG,RegNetwork
1281,ESR1,CDKN1A,KEGG,RegNetwork
1282,ESR1,CDH1,KEGG,RegNetwork
1283,ESR1,CCND1,KEGG,RegNetwork
1284,ESR1,CAV2,KEGG,RegNetwork
1285,ESR1,CAV1,KEGG,RegNetwork
1286,ESR1,CAD,KEGG,RegNetwork
1287,ESR1,C3,KEGG,RegNetwork
1288,ESR1,BTF3P11,KEGG,RegNetwork
1289,ESR1,BMP6,KEGG,RegNetwork
1290,ESR1,B4GALNT2,KEGG,RegNetwork
1291,ESR1,AVP,KEGG,RegNetwork
1292,ESR1,APOE,KEGG,RegNetwork
1293,ESR1,APOA1,KEGG,RegNetwork
1294,ESR1,ANGPTL4,KEGG,RegNetwork
1295,ESR1,AKT2,KEGG,RegNetwork
1296,ESR1,AKT1,KEGG,RegNetwork
1297,ESR1,AR,KEGG,RegNetwork
1298,ESR1,BRCA1,KEGG,RegNetwork
1299,ESR1,BRCA2,KEGG,RegNetwork
1300,ESR1,ERG,KEGG,RegNetwork
1301,ESR1,HIF1A,KEGG,RegNetwork
1302,ESR1,JUN,KEGG,RegNetwork
1303,ESR1,PPARG,KEGG,RegNetwork
1304,ESR1,RARA,KEGG,RegNetwork
1305,ESR1,SMAD4,KEGG,RegNetwork
1306,ESR1,SP1,KEGG,RegNetwork
1307,ESR1,SP3,KEGG,RegNetwork
1308,ESR1,STAT5A,KEGG,RegNetwork
1309,ESR1,STAT5B,KEGG,RegNetwork
1310,ESR1,TFAP2C,KEGG,RegNetwork
1311,ESR1,TP53,KEGG,RegNetwork
1312,ESR1,USF1,KEGG,RegNetwork
1313,ESR1,DDX5,KEGG,STRING
1314,ESR1,PGR,KEGG,STRING
1315,ESR1,NCOR1,KEGG,STRING
1316,ESR1,AHR,KEGG,STRING
1317,ESR1,UBE3A,KEGG,STRING
1318,ESR1,SRC,KEGG,STRING
1319,ESR1,YWHAB,KEGG,STRING
1320,ESR1,CEBPB,KEGG,STRING
1321,ESR1,PTGES3,KEGG,STRING
1322,ESR1,KAT5,KEGG,STRING
1323,ESR1,TRIM24,KEGG,STRING
1324,ESR1,IGF1R,KEGG,STRING
1325,ESR1,CALM1,KEGG,STRING
1326,ESR1,SP1,KEGG,STRING
1327,ESR1,STUB1,KEGG,STRING
1328,ESR1,ESR2,KEGG,STRING
1329,ESR1,HSPA8,KEGG,STRING
1330,ESR1,TFF1,KEGG,STRING
1331,ESR1,CCND1,KEGG,STRING
1332,ESR1,NRIP1,KEGG,STRING
1333,ESR1,FOXO3,KEGG,STRING
1334,ESR1,HDAC1,KEGG,STRING
1335,ESR1,PHB2,KEGG,STRING
1336,ESR1,CALM2,KEGG,STRING
1337,ESR1,MED1,KEGG,STRING
1338,ESR1,NCOA6,KEGG,STRING
1339,ESR1,CALM3,KEGG,STRING
1340,ESR1,NCOA1,KEGG,STRING
1341,ESR1,MDM2,KEGG,STRING
1342,ESR1,TP53,KEGG,STRING
1343,ESR1,NCOR2,KEGG,STRING
1344,ESR1,MTA1,KEGG,STRING
1345,ESR1,BRCA1,KEGG,STRING
1346,ESR1,RELA,KEGG,STRING
1347,ESR1,CREBBP,KEGG,STRING
1348,ESR1,HSP90AA1,KEGG,STRING
1349,ESR1,NCOA3,KEGG,STRING
1350,ESR1,NCOA2,KEGG,STRING
1351,ESR1,PIK3R1,KEGG,STRING
1352,ESR1,HSPA4,KEGG,STRING
1353,ESR1,EP300,KEGG,STRING
1354,FGFR1,AR,KEGG,RegNetwork
1355,FGFR1,RARA,KEGG,RegNetwork
1356,FGFR1,RARB,KEGG,RegNetwork
1357,FGFR1,RARG,KEGG,RegNetwork
1358,FGFR1,SNAI1,KEGG,RegNetwork
1359,FGFR1,KAL1,KEGG,STRING
1360,FGFR1,FGF2,KEGG,STRING
1361,FGFR1,NCAM1,KEGG,STRING
1362,FGFR1,CTNNB1,KEGG,STRING
1363,FGFR1,CREBBP,KEGG,STRING
1364,FGFR1,FRS2,KEGG,STRING
1365,FGFR1,CDH1,KEGG,STRING
1366,FGFR1,PIK3R1,KEGG,STRING
1367,FGFR1,FGF1,KEGG,STRING
1368,FGFR1,FGF23,KEGG,STRING
1369,FGFR1,FGF8,KEGG,STRING
1370,FGFR1,KLB,KEGG,STRING
1371,FGFR1,PLCG1,KEGG,STRING
1372,FGFR1,KL,KEGG,STRING
1373,FLG,KLK5,KEGG,STRING
1374,PIK3CA,ESR1,KEGG,RegNetwork
1375,PIK3CA,PGR,KEGG,RegNetwork
1376,PIK3CA,TP53,KEGG,RegNetwork
1377,PIK3CA,PIK3R1,KEGG,STRING
1378,PIK3CA,EGFR,KEGG,STRING
1379,PIK3CA,PIK3R3,KEGG,STRING
1380,PIK3CA,HRAS,KEGG,STRING
1381,PIK3CA,IRS1,KEGG,STRING
1382,PIK3CA,PIK3R2,KEGG,STRING
1383,PIK3CA,AKT1,KEGG,STRING
1384,PTEN,hsa-miR-302a,KEGG,RegNetwork
1385,PTEN,hsa-miR-25,KEGG,RegNetwork
1386,PTEN,hsa-miR-22,KEGG,RegNetwork
1387,PTEN,hsa-miR-21,KEGG,RegNetwork
1388,PTEN,hsa-miR-19a,KEGG,RegNetwork
1389,PTEN,hsa-miR-302d,KEGG,RegNetwork
1390,PTEN,hsa-miR-302f,KEGG,RegNetwork
1391,PTEN,hsa-miR-302c,KEGG,RegNetwork
1392,PTEN,hsa-miR-302b,KEGG,RegNetwork
1393,PTEN,EGR1,KEGG,RegNetwork
1394,PTEN,MYC,KEGG,RegNetwork
1395,PTEN,TP53,KEGG,RegNetwork
1396,PTEN,SLC9A3R1,KEGG,STRING
1397,PTEN,WWP2,KEGG,STRING
1398,PTEN,DLG1,KEGG,STRING
1399,PTEN,SPOP,KEGG,STRING
1400,PTEN,USP13,KEGG,STRING
1401,PTEN,USP7,KEGG,STRING
1402,PTEN,MAST2,KEGG,STRING
1403,PTEN,PDGFRB,KEGG,STRING
1404,PTEN,PTK2,KEGG,STRING
1405,PTEN,TP53,KEGG,STRING
1406,PTEN,NEDD4,KEGG,STRING
1407,TP53,CCNG2,KEGG,RegNetwork
1408,TP53,CCNH,KEGG,RegNetwork
1409,TP53,CDC14A,KEGG,RegNetwork
1410,TP53,CDC14B,KEGG,RegNetwork
1411,TP53,CDC25C,KEGG,RegNetwork
1412,TP53,CDH13,KEGG,RegNetwork
1413,TP53,CDX1,KEGG,RegNetwork
1414,TP53,CEBPA,KEGG,RegNetwork
1415,TP53,CFLAR,KEGG,RegNetwork
1416,TP53,CGA,KEGG,RegNetwork
1417,TP53,CHEK1,KEGG,RegNetwork
1418,TP53,CHEK2,KEGG,RegNetwork
1419,TP53,CHGA,KEGG,RegNetwork
1420,TP53,CHUK,KEGG,RegNetwork
1421,TP53,CLK1,KEGG,RegNetwork
1422,TP53,COQ7,KEGG,RegNetwork
1423,TP53,CSF1,KEGG,RegNetwork
1424,TP53,CTNNB1,KEGG,RegNetwork
1425,TP53,CTSD,KEGG,RegNetwork
1426,TP53,CX3CL1,KEGG,RegNetwork
1427,TP53,DGKA,KEGG,RegNetwork
1428,TP53,DGKB,KEGG,RegNetwork
1429,TP53,DGKD,KEGG,RegNetwork
1430,TP53,DGKE,KEGG,RegNetwork
1431,TP53,DGKG,KEGG,RegNetwork
1432,TP53,DKK1,KEGG,RegNetwork
1433,TP53,DUSP1,KEGG,RegNetwork
1434,TP53,DUSP12,KEGG,RegNetwork
1435,TP53,E2F1,KEGG,RegNetwork
1436,TP53,E2F2,KEGG,RegNetwork
1437,TP53,E2F3,KEGG,RegNetwork
1438,TP53,E2F4,KEGG,RegNetwork
1439,TP53,E2F5,KEGG,RegNetwork
1440,TP53,EEF1A1,KEGG,RegNetwork
1441,TP53,EEF1A2,KEGG,RegNetwork
1442,TP53,EFEMP1,KEGG,RegNetwork
1443,TP53,EGFR,KEGG,RegNetwork
1444,TP53,EGR1,KEGG,RegNetwork
1445,TP53,EPCAM,KEGG,RegNetwork
1446,TP53,EPHA2,KEGG,RegNetwork
1447,TP53,ERBB2,KEGG,RegNetwork
1448,TP53,ESR1,KEGG,RegNetwork
1449,TP53,ETS1,KEGG,RegNetwork
1450,TP53,EZH2,KEGG,RegNetwork
1451,TP53,FBLN1,KEGG,RegNetwork
1452,TP53,FBLN2,KEGG,RegNetwork
1453,TP53,FDXR,KEGG,RegNetwork
1454,TP53,FKBP3,KEGG,RegNetwork
1455,TP53,FNBP4,KEGG,RegNetwork
1456,TP53,FOS,KEGG,RegNetwork
1457,TP53,FOXD1,KEGG,RegNetwork
1458,TP53,GADD45B,KEGG,RegNetwork
1459,TP53,GADD45G,KEGG,RegNetwork
1460,TP53,GAMT,KEGG,RegNetwork
1461,TP53,GAS1,KEGG,RegNetwork
1462,TP53,GCLM,KEGG,RegNetwork
1463,TP53,GDF15,KEGG,RegNetwork
1464,TP53,GML,KEGG,RegNetwork
1465,TP53,GTSE1,KEGG,RegNetwork
1466,TP53,HIPK2,KEGG,RegNetwork
1467,TP53,HMGN2,KEGG,RegNetwork
1468,TP53,HSP90AB1,KEGG,RegNetwork
1469,TP53,HSPA1A,KEGG,RegNetwork
1470,TP53,HSPA4,KEGG,RegNetwork
1471,TP53,HTT,KEGG,RegNetwork
1472,TP53,IER3,KEGG,RegNetwork
1473,TP53,IFI16,KEGG,RegNetwork
1474,TP53,IGF1R,KEGG,RegNetwork
1475,TP53,IL11,KEGG,RegNetwork
1476,TP53,IL15,KEGG,RegNetwork
1477,TP53,IL15RA,KEGG,RegNetwork
1478,TP53,IL1B,KEGG,RegNetwork
1479,TP53,ATM,KEGG,RegNetwork
1480,TP53,ATR,KEGG,RegNetwork
1481,TP53,BAX,KEGG,RegNetwork
1482,TP53,BCL2,KEGG,RegNetwork
1483,TP53,CDKN1A,KEGG,RegNetwork
1484,TP53,CHEK1,KEGG,RegNetwork
1485,TP53,CHEK2,KEGG,RegNetwork
1486,TP53,CREBBP,KEGG,RegNetwork
1487,TP53,EP300,KEGG,RegNetwork
1488,TP53,MAPK10,KEGG,RegNetwork
1489,TP53,MAPK11,KEGG,RegNetwork
1490,TP53,MAPK12,KEGG,RegNetwork
1491,TP53,MAPK13,KEGG,RegNetwork
1492,TP53,MAPK14,KEGG,RegNetwork
1493,TP53,MAPK8,KEGG,RegNetwork
1494,TP53,MAPK9,KEGG,RegNetwork
1495,TP53,MDM2,KEGG,RegNetwork
1496,TP53,MDM4,KEGG,RegNetwork
1497,TP53,PRKDC,KEGG,RegNetwork
1498,TP53,SIAH1,KEGG,RegNetwork
1499,TP53,TP73,KEGG,RegNetwork
1500,TP53,ATF3,KEGG,RegNetwork
1501,TP53,BAG1,KEGG,RegNetwork
1502,TP53,BAI2,KEGG,RegNetwork
1503,TP53,BAK1,KEGG,RegNetwork
1504,TP53,BBC3,KEGG,RegNetwork
1505,TP53,BCL2,KEGG,RegNetwork
1506,TP53,BCL2L1,KEGG,RegNetwork
1507,TP53,BCL3,KEGG,RegNetwork
1508,TP53,BDKRB1,KEGG,RegNetwork
1509,TP53,BIRC2,KEGG,RegNetwork
1510,TP53,BIRC3,KEGG,RegNetwork
1511,TP53,BIRC5,KEGG,RegNetwork
1512,TP53,BIRC6,KEGG,RegNetwork
1513,TP53,BIRC7,KEGG,RegNetwork
1514,TP53,BIRC8,KEGG,RegNetwork
1515,TP53,BLM,KEGG,RegNetwork
1516,TP53,BRCA1,KEGG,RegNetwork
1517,TP53,BRCA2,KEGG,RegNetwork
1518,TP53,BTG1,KEGG,RegNetwork
1519,TP53,C16orf53,KEGG,RegNetwork
1520,TP53,CABLES1,KEGG,RegNetwork
1521,TP53,CASP1,KEGG,RegNetwork
1522,TP53,CASP3,KEGG,RegNetwork
1523,TP53,CASP8,KEGG,RegNetwork
1524,TP53,CCNA1,KEGG,RegNetwork
1525,TP53,CCNA2,KEGG,RegNetwork
1526,TP53,CCNB1,KEGG,RegNetwork
1527,TP53,CCND1,KEGG,RegNetwork
1528,TP53,CCNE1,KEGG,RegNetwork
1529,TP53,IL2,KEGG,RegNetwork
1530,TP53,IL4,KEGG,RegNetwork
1531,TP53,IL6,KEGG,RegNetwork
1532,TP53,hsa-miR-519d,KEGG,RegNetwork
1533,TP53,hsa-miR-34c,KEGG,RegNetwork
1534,TP53,hsa-miR-34b,KEGG,RegNetwork
1535,TP53,hsa-miR-34a,KEGG,RegNetwork
1536,TP53,hsa-miR-215,KEGG,RegNetwork
1537,TP53,hsa-miR-200c,KEGG,RegNetwork
1538,TP53,hsa-miR-200b,KEGG,RegNetwork
1539,TP53,hsa-miR-200a,KEGG,RegNetwork
1540,TP53,hsa-miR-194,KEGG,RegNetwork
1541,TP53,hsa-miR-192,KEGG,RegNetwork
1542,TP53,hsa-miR-155,KEGG,RegNetwork
1543,TP53,hsa-miR-145,KEGG,RegNetwork
1544,TP53,hsa-miR-143,KEGG,RegNetwork
1545,TP53,hsa-miR-125b,KEGG,RegNetwork
1546,TP53,hsa-miR-107,KEGG,RegNetwork
1547,TP53,IL8,KEGG,RegNetwork
1548,TP53,ING1,KEGG,RegNetwork
1549,TP53,KAT5,KEGG,RegNetwork
1550,TP53,KIN,KEGG,RegNetwork
1551,TP53,KLF6,KEGG,RegNetwork
1552,TP53,KLK3,KEGG,RegNetwork
1553,TP53,KLKB1,KEGG,RegNetwork
1554,TP53,LGALS3,KEGG,RegNetwork
1555,TP53,LIG1,KEGG,RegNetwork
1556,TP53,LIG3,KEGG,RegNetwork
1557,TP53,LIG4,KEGG,RegNetwork
1558,TP53,LITAF,KEGG,RegNetwork
1559,TP53,LOC254896,KEGG,RegNetwork
1560,TP53,LPPR1,KEGG,RegNetwork
1561,TP53,LRIG1,KEGG,RegNetwork
1562,TP53,LSR,KEGG,RegNetwork
1563,TP53,MAD1L1,KEGG,RegNetwork
1564,TP53,MAPK1,KEGG,RegNetwork
1565,TP53,MAPK8,KEGG,RegNetwork
1566,TP53,MAPK9,KEGG,RegNetwork
1567,TP53,MBD4,KEGG,RegNetwork
1568,TP53,MCM2,KEGG,RegNetwork
1569,TP53,MCM7,KEGG,RegNetwork
1570,TP53,MDM2,KEGG,RegNetwork
1571,TP53,MDM4,KEGG,RegNetwork
1572,TP53,MGMT,KEGG,RegNetwork
1573,TP53,MIF,KEGG,RegNetwork
1574,TP53,MKI67,KEGG,RegNetwork
1575,TP53,MMAB,KEGG,RegNetwork
1576,TP53,MMP13,KEGG,RegNetwork
1577,TP53,MMP2,KEGG,RegNetwork
1578,TP53,MSH2,KEGG,RegNetwork
1579,TP53,MUC2,KEGG,RegNetwork
1580,TP53,MYC,KEGG,RegNetwork
1581,TP53,NAIP,KEGG,RegNetwork
1582,TP53,NDRG1,KEGG,RegNetwork
1583,TP53,NFIC,KEGG,RegNetwork
1584,TP53,NHLH2,KEGG,RegNetwork
1585,TP53,NINJ1,KEGG,RegNetwork
1586,TP53,NINJ2,KEGG,RegNetwork
1587,TP53,NLRC4,KEGG,RegNetwork
1588,TP53,NME1,KEGG,RegNetwork
1589,TP53,NOL3,KEGG,RegNetwork
1590,TP53,NOS2,KEGG,RegNetwork
1591,TP53,NOS3,KEGG,RegNetwork
1592,TP53,NTHL1,KEGG,RegNetwork
1593,TP53,P2RX1,KEGG,RegNetwork
1594,TP53,P2RX2,KEGG,RegNetwork
1595,TP53,P2RX3,KEGG,RegNetwork
1596,TP53,P2RX4,KEGG,RegNetwork
1597,TP53,P2RX5,KEGG,RegNetwork
1598,TP53,P2RX6,KEGG,RegNetwork
1599,TP53,PAPD7,KEGG,RegNetwork
1600,TP53,PCBP4,KEGG,RegNetwork
1601,TP53,PCNA,KEGG,RegNetwork
1602,TP53,PEG3,KEGG,RegNetwork
1603,TP53,PIAS3,KEGG,RegNetwork
1604,TP53,PIDD,KEGG,RegNetwork
1605,TP53,PIK3CA,KEGG,RegNetwork
1606,TP53,PLK1,KEGG,RegNetwork
1607,TP53,PLK2,KEGG,RegNetwork
1608,TP53,PLK3,KEGG,RegNetwork
1609,TP53,PML,KEGG,RegNetwork
1610,TP53,POLD1,KEGG,RegNetwork
1611,TP53,PPM1D,KEGG,RegNetwork
1612,TP53,PPP1R7,KEGG,RegNetwork
1613,TP53,PPP2R4,KEGG,RegNetwork
1614,TP53,PRG1,KEGG,RegNetwork
1615,TP53,PRKAB1,KEGG,RegNetwork
1616,TP53,PRODH,KEGG,RegNetwork
1617,TP53,PSEN1,KEGG,RegNetwork
1618,TP53,PTGS1,KEGG,RegNetwork
1619,TP53,PTGS2,KEGG,RegNetwork
1620,TP53,PTHLH,KEGG,RegNetwork
1621,TP53,PTK2B,KEGG,RegNetwork
1622,TP53,PTPN13,KEGG,RegNetwork
1623,TP53,PTTG1,KEGG,RegNetwork
1624,TP53,RAD51,KEGG,RegNetwork
1625,TP53,RAD51B,KEGG,RegNetwork
1626,TP53,RB1,KEGG,RegNetwork
1627,TP53,RCHY1,KEGG,RegNetwork
1628,TP53,RELA,KEGG,RegNetwork
1629,TP53,REXO2,KEGG,RegNetwork
1630,TP53,RFWD2,KEGG,RegNetwork
1631,TP53,RHOA,KEGG,RegNetwork
1632,TP53,RPRM,KEGG,RegNetwork
1633,TP53,RPS6KA1,KEGG,RegNetwork
1634,TP53,RRM2,KEGG,RegNetwork
1635,TP53,S100A4,KEGG,RegNetwork
1636,TP53,S100A8,KEGG,RegNetwork
1637,TP53,S100A9,KEGG,RegNetwork
1638,TP53,S100B,KEGG,RegNetwork
1639,TP53,SERPINE1,KEGG,RegNetwork
1640,TP53,SESN3,KEGG,RegNetwork
1641,TP53,SHISA5,KEGG,RegNetwork
1642,TP53,SIRT1,KEGG,RegNetwork
1643,TP53,SIVA1,KEGG,RegNetwork
1644,TP53,SLC19A1,KEGG,RegNetwork
1645,TP53,SMPD1,KEGG,RegNetwork
1646,TP53,SMPD2,KEGG,RegNetwork
1647,TP53,SMPD3,KEGG,RegNetwork
1648,TP53,SSTR2,KEGG,RegNetwork
1649,TP53,STAT1,KEGG,RegNetwork
1650,TP53,STAT3,KEGG,RegNetwork
1651,TP53,BAX,KEGG,RegNetwork
1652,TP53,CCNG1,KEGG,RegNetwork
1653,TP53,CDKN1A,KEGG,RegNetwork
1654,TP53,EI24,KEGG,RegNetwork
1655,TP53,PMAIP1,KEGG,RegNetwork
1656,TP53,SIAH1,KEGG,RegNetwork
1657,TP53,TP73,KEGG,RegNetwork
1658,TP53,STEAP3,KEGG,RegNetwork
1659,TP53,STMN1,KEGG,RegNetwork
1660,TP53,SYK,KEGG,RegNetwork
1661,TP53,TAF9,KEGG,RegNetwork
1662,TP53,TBP,KEGG,RegNetwork
1663,TP53,TERT,KEGG,RegNetwork
1664,TP53,TFRC,KEGG,RegNetwork
1665,TP53,TGFA,KEGG,RegNetwork
1666,TP53,TGFB1,KEGG,RegNetwork
1667,TP53,TGM1,KEGG,RegNetwork
1668,TP53,TIMP3,KEGG,RegNetwork
1669,TP53,TK1,KEGG,RegNetwork
1670,TP53,TNF,KEGG,RegNetwork
1671,TP53,TNFRSF10A,KEGG,RegNetwork
1672,TP53,TNFSF10,KEGG,RegNetwork
1673,TP53,TOP2A,KEGG,RegNetwork
1674,TP53,TOPORS,KEGG,RegNetwork
1675,TP53,TP53,KEGG,RegNetwork
1676,TP53,TP53BP1,KEGG,RegNetwork
1677,TP53,TP53BP2,KEGG,RegNetwork
1678,TP53,TP53I11,KEGG,RegNetwork
1679,TP53,TP53INP1,KEGG,RegNetwork
1680,TP53,TP53TG1,KEGG,RegNetwork
1681,TP53,TP53TG5,KEGG,RegNetwork
1682,TP53,TP63,KEGG,RegNetwork
1683,TP53,TRIM22,KEGG,RegNetwork
1684,TP53,TRIM26,KEGG,RegNetwork
1685,TP53,TSC2,KEGG,RegNetwork
1686,TP53,TUBA4A,KEGG,RegNetwork
1687,TP53,TYMS,KEGG,RegNetwork
1688,TP53,TYR,KEGG,RegNetwork
1689,TP53,TYRP1,KEGG,RegNetwork
1690,TP53,UBE2L3,KEGG,RegNetwork
1691,TP53,UNC5B,KEGG,RegNetwork
1692,TP53,VCAN,KEGG,RegNetwork
1693,TP53,VEGFA,KEGG,RegNetwork
1694,TP53,WRN,KEGG,RegNetwork
1695,TP53,XIAP,KEGG,RegNetwork
1696,TP53,XPC,KEGG,RegNetwork
1697,TP53,XRCC5,KEGG,RegNetwork
1698,TP53,APAF1,KEGG,RegNetwork
1699,TP53,BAI1,KEGG,RegNetwork
1700,TP53,BTG2,KEGG,RegNetwork
1701,TP53,CAV1,KEGG,RegNetwork
1702,TP53,CD82,KEGG,RegNetwork
1703,TP53,DDB2,KEGG,RegNetwork
1704,TP53,DDIT4,KEGG,RegNetwork
1705,TP53,ETS2,KEGG,RegNetwork
1706,TP53,FAS,KEGG,RegNetwork
1707,TP53,GADD45A,KEGG,RegNetwork
1708,TP53,HIC1,KEGG,RegNetwork
1709,TP53,HIPK1,KEGG,RegNetwork
1710,TP53,HRAS,KEGG,RegNetwork
1711,TP53,IGF2,KEGG,RegNetwork
1712,TP53,IGFBP3,KEGG,RegNetwork
1713,TP53,JAK2,KEGG,RegNetwork
1714,TP53,MAP4,KEGG,RegNetwork
1715,TP53,NFATC4,KEGG,RegNetwork
1716,TP53,PERP,KEGG,RegNetwork
1717,TP53,PRG3,KEGG,RegNetwork
1718,TP53,PTEN,KEGG,RegNetwork
1719,TP53,RRM2B,KEGG,RegNetwork
1720,TP53,SERPINB5,KEGG,RegNetwork
1721,TP53,SESN1,KEGG,RegNetwork
1722,TP53,SESN2,KEGG,RegNetwork
1723,TP53,SFN,KEGG,RegNetwork
1724,TP53,TBXAS1,KEGG,RegNetwork
1725,TP53,THBS1,KEGG,RegNetwork
1726,TP53,TNFRSF10B,KEGG,RegNetwork
1727,TP53,TP53I3,KEGG,RegNetwork
1728,TP53,ZMAT3,KEGG,RegNetwork
1729,TP53,ABCB1,KEGG,RegNetwork
1730,TP53,ABCC1,KEGG,RegNetwork
1731,TP53,ABCC2,KEGG,RegNetwork
1732,TP53,ABCC3,KEGG,RegNetwork
1733,TP53,ABCC4,KEGG,RegNetwork
1734,TP53,AFP,KEGG,RegNetwork
1735,TP53,AIFM2,KEGG,RegNetwork
1736,TP53,AKT1,KEGG,RegNetwork
1737,TP53,ALDH1A3,KEGG,RegNetwork
1738,TP53,AMH,KEGG,RegNetwork
1739,TP53,ANTXR1,KEGG,RegNetwork
1740,TP53,APCS,KEGG,RegNetwork
1741,TP53,AQP1,KEGG,RegNetwork
1742,TP53,ARID3A,KEGG,RegNetwork
1743,TP53,ATR,KEGG,RegNetwork
1744,TP53,ATM,KEGG,RegNetwork
1745,TP53,BBC3,KEGG,RegNetwork
1746,TP53,BRCA1,KEGG,RegNetwork
1747,TP53,CEBPA,KEGG,RegNetwork
1748,TP53,CREBBP,KEGG,RegNetwork
1749,TP53,E2F4,KEGG,RegNetwork
1750,TP53,EGR1,KEGG,RegNetwork
1751,TP53,EP300,KEGG,RegNetwork
1752,TP53,ETS1,KEGG,RegNetwork
1753,TP53,ETS2,KEGG,RegNetwork
1754,TP53,FOS,KEGG,RegNetwork
1755,TP53,HIF1A,KEGG,RegNetwork
1756,TP53,HOXA5,KEGG,RegNetwork
1757,TP53,JUN,KEGG,RegNetwork
1758,TP53,MDM4,KEGG,RegNetwork
1759,TP53,MYC,KEGG,RegNetwork
1760,TP53,NFIA,KEGG,RegNetwork
1761,TP53,NFIC,KEGG,RegNetwork
1762,TP53,NFKB1,KEGG,RegNetwork
1763,TP53,PAX2,KEGG,RegNetwork
1764,TP53,PAX8,KEGG,RegNetwork
1765,TP53,RELA,KEGG,RegNetwork
1766,TP53,STAT1,KEGG,RegNetwork
1767,TP53,TP53,KEGG,RegNetwork
1768,TP53,TP73,KEGG,RegNetwork
1769,TP53,USF1,KEGG,RegNetwork
1770,TP53,WT1,KEGG,RegNetwork
1771,TP53,PIAS1,KEGG,STRING
1772,TP53,BRCA2,KEGG,STRING
1773,TP53,PTGS2,KEGG,STRING
1774,TP53,S100B,KEGG,STRING
1775,TP53,GSK3B,KEGG,STRING
1776,TP53,RPS27A,KEGG,STRING
1777,TP53,CDKN2A,KEGG,STRING
1778,TP53,MDM4,KEGG,STRING
1779,TP53,NPM1,KEGG,STRING
1780,TP53,KAT5,KEGG,STRING
1781,TP53,ESR1,KEGG,STRING
1782,TP53,TBP,KEGG,STRING
1783,TP53,RPL5,KEGG,STRING
1784,TP53,CSNK2A1,KEGG,STRING
1785,TP53,ATF3,KEGG,STRING
1786,TP53,PIAS2,KEGG,STRING
1787,TP53,RPA1,KEGG,STRING
1788,TP53,BAK1,KEGG,STRING
1789,TP53,BCL2,KEGG,STRING
1790,TP53,BLM,KEGG,STRING
1791,TP53,BARD1,KEGG,STRING
1792,TP53,DDX5,KEGG,STRING
1793,TP53,HSPA9,KEGG,STRING
1794,TP53,ATR,KEGG,STRING
1795,TP53,ING4,KEGG,STRING
1796,TP53,BANP,KEGG,STRING
1797,TP53,UBE3A,KEGG,STRING
1798,TP53,PPP1R13L,KEGG,STRING
1799,TP53,WWOX,KEGG,STRING
1800,TP53,CSNK1A1,KEGG,STRING
1801,TP53,CHEK1,KEGG,STRING
1802,TP53,HSPA1A,KEGG,STRING
1803,TP53,CUL9,KEGG,STRING
1804,TP53,AK6,KEGG,STRING
1805,TP53,STUB1,KEGG,STRING
1806,TP53,WRN,KEGG,STRING
1807,TP53,HSPA8,KEGG,STRING
1808,TP53,PARP1,KEGG,STRING
1809,TP53,GTF2H1,KEGG,STRING
1810,TP53,CHEK2,KEGG,STRING
1811,TP53,SETD7,KEGG,STRING
1812,TP53,E4F1,KEGG,STRING
1813,TP53,UBE2D1,KEGG,STRING
1814,TP53,USP10,KEGG,STRING
1815,TP53,PIN1,KEGG,STRING
1816,TP53,UBE2A,KEGG,STRING
1817,TP53,SP1,KEGG,STRING
1818,TP53,HIF1A,KEGG,STRING
1819,TP53,CDK2,KEGG,STRING
1820,TP53,XPO1,KEGG,STRING
1821,TP53,BCL2L1,KEGG,STRING
1822,TP53,SMAD2,KEGG,STRING
1823,TP53,TOPORS,KEGG,STRING
1824,TP53,NDN,KEGG,STRING
1825,TP53,PLK1,KEGG,STRING
1826,TP53,CUL7,KEGG,STRING
1827,TP53,SMYD2,KEGG,STRING
1828,TP53,CDK9,KEGG,STRING
1829,TP53,TADA3,KEGG,STRING
1830,TP53,NQO1,KEGG,STRING
1831,TP53,KAT8,KEGG,STRING
1832,TP53,DAXX,KEGG,STRING
1833,TP53,HDAC1,KEGG,STRING
1834,TP53,SFN,KEGG,STRING
1835,TP53,ATM,KEGG,STRING
1836,TP53,PTEN,KEGG,STRING
1837,TP53,TP53BP2,KEGG,STRING
1838,TP53,MAPK14,KEGG,STRING
1839,TP53,RCHY1,KEGG,STRING
1840,TP53,WT1,KEGG,STRING
1841,TP53,HMGB1,KEGG,STRING
1842,TP53,COPS5,KEGG,STRING
1843,TP53,SIRT1,KEGG,STRING
1844,TP53,SMARCA4,KEGG,STRING
1845,TP53,TP53BP1,KEGG,STRING
1846,TP53,HIPK2,KEGG,STRING
1847,TP53,TP63,KEGG,STRING
1848,TP53,HSPB1,KEGG,STRING
1849,TP53,S100A4,KEGG,STRING
1850,TP53,PPP2R1A,KEGG,STRING
1851,TP53,MAPK1,KEGG,STRING
1852,TP53,PPP2R5C,KEGG,STRING
1853,TP53,HERC2,KEGG,STRING
1854,TP53,YBX1,KEGG,STRING
1855,TP53,RFWD2,KEGG,STRING
1856,TP53,KAT2B,KEGG,STRING
1857,TP53,PRKDC,KEGG,STRING
1858,TP53,UBE2I,KEGG,STRING
1859,TP53,FOXO3,KEGG,STRING
1860,TP53,RPL11,KEGG,STRING
1861,TP53,YY1,KEGG,STRING
1862,TP53,USP7,KEGG,STRING
1863,TP53,SUMO1,KEGG,STRING
1864,TP53,HSP90AA1,KEGG,STRING
1865,TP53,TP73,KEGG,STRING
1866,TP53,MUL1,KEGG,STRING
1867,TP53,CDKN1A,KEGG,STRING
1868,TP53,AURKA,KEGG,STRING
1869,TP53,BAX,KEGG,STRING
1870,TP53,CSNK1D,KEGG,STRING
1871,TP53,NUMB,KEGG,STRING
1872,TP53,EP300,KEGG,STRING
1873,TP53,HSPA4,KEGG,STRING
1874,TP53,MAPK8,KEGG,STRING
1875,TP53,PTK2,KEGG,STRING
1876,TP53,MTA1,KEGG,STRING
1877,TP53,BRCA1,KEGG,STRING
1878,TP53,TOP1,KEGG,STRING
1879,TP53,BRD7,KEGG,STRING
1880,TP53,MDM2,KEGG,STRING
1881,TP53,HDAC2,KEGG,STRING
1882,TP53,RAD51,KEGG,STRING
1883,TP53,VRK1,KEGG,STRING
1884,TP53,EGR1,KEGG,STRING
1885,TP53,PML,KEGG,STRING
1886,TP53,CREBBP,KEGG,STRING
1887,TP53,CREB1,KEGG,STRING
1888,CCND1,hsa-miR-20a,KEGG,RegNetwork
1889,CCND1,hsa-miR-17,KEGG,RegNetwork
1890,CCND1,AR,KEGG,RegNetwork
1891,CCND1,ATF2,KEGG,RegNetwork
1892,CCND1,CEBPA,KEGG,RegNetwork
1893,CCND1,CEBPD,KEGG,RegNetwork
1894,CCND1,CREB1,KEGG,RegNetwork
1895,CCND1,CTNNB1,KEGG,RegNetwork
1896,CCND1,E2F1,KEGG,RegNetwork
1897,CCND1,E2F4,KEGG,RegNetwork
1898,CCND1,EGR1,KEGG,RegNetwork
1899,CCND1,ELK1,KEGG,RegNetwork
1900,CCND1,ESR1,KEGG,RegNetwork
1901,CCND1,ETS1,KEGG,RegNetwork
1902,CCND1,ETS2,KEGG,RegNetwork
1903,CCND1,FLI1,KEGG,RegNetwork
1904,CCND1,FOS,KEGG,RegNetwork
1905,CCND1,FOS,KEGG,RegNetwork
1906,CCND1,HIF1A,KEGG,RegNetwork
1907,CCND1,JUN,KEGG,RegNetwork
1908,CCND1,JUN,KEGG,RegNetwork
1909,CCND1,JUP,KEGG,RegNetwork
1910,CCND1,LEF1,KEGG,RegNetwork
1911,CCND1,LEF1,KEGG,RegNetwork
1912,CCND1,MAPK1,KEGG,RegNetwork
1913,CCND1,MAPK3,KEGG,RegNetwork
1914,CCND1,MAX,KEGG,RegNetwork
1915,CCND1,MYC,KEGG,RegNetwork
1916,CCND1,MYC,KEGG,RegNetwork
1917,CCND1,NFKB1,KEGG,RegNetwork
1918,CCND1,NFKB2,KEGG,RegNetwork
1919,CCND1,POU2F1,KEGG,RegNetwork
1920,CCND1,PPARA,KEGG,RegNetwork
1921,CCND1,PPARD,KEGG,RegNetwork
1922,CCND1,PPARG,KEGG,RegNetwork
1923,CCND1,RARB,KEGG,RegNetwork
1924,CCND1,RARG,KEGG,RegNetwork
1925,CCND1,RB1,KEGG,RegNetwork
1926,CCND1,RBL1,KEGG,RegNetwork
1927,CCND1,RBL2,KEGG,RegNetwork
1928,CCND1,RELA,KEGG,RegNetwork
1929,CCND1,SOS1,KEGG,RegNetwork
1930,CCND1,SOS2,KEGG,RegNetwork
1931,CCND1,SP1,KEGG,RegNetwork
1932,CCND1,SP3,KEGG,RegNetwork
1933,CCND1,SP4,KEGG,RegNetwork
1934,CCND1,STAT1,KEGG,RegNetwork
1935,CCND1,STAT2,KEGG,RegNetwork
1936,CCND1,STAT3,KEGG,RegNetwork
1937,CCND1,STAT4,KEGG,RegNetwork
1938,CCND1,STAT5A,KEGG,RegNetwork
1939,CCND1,STAT5B,KEGG,RegNetwork
1940,CCND1,STAT6,KEGG,RegNetwork
1941,CCND1,TCF7,KEGG,RegNetwork
1942,CCND1,TCF7,KEGG,RegNetwork
1943,CCND1,TCF7L1,KEGG,RegNetwork
1944,CCND1,TCF7L1,KEGG,RegNetwork
1945,CCND1,TCF7L2,KEGG,RegNetwork
1946,CCND1,TCF7L2,KEGG,RegNetwork
1947,CCND1,TP53,KEGG,RegNetwork
1948,CCND1,USF1,KEGG,RegNetwork
1949,CCND1,CUL1,KEGG,STRING
1950,CCND1,EP300,KEGG,STRING
1951,CCND1,AR,KEGG,STRING
1952,CCND1,CDKN1A,KEGG,STRING
1953,CCND1,PCNA,KEGG,STRING
1954,CCND1,CDKN1C,KEGG,STRING
1955,CCND1,CDK6,KEGG,STRING
1956,CCND1,FBXO4,KEGG,STRING
1957,CCND1,CDK2,KEGG,STRING
1958,CCND1,CDK4,KEGG,STRING
1959,CCND1,HDAC3,KEGG,STRING
1960,CCND1,ESR1,KEGG,STRING
1961,CCND1,FBXO31,KEGG,STRING
1962,CCND1,CDKN2A,KEGG,STRING
1963,CCND1,CDKN1B,KEGG,STRING
1964,CCND1,RB1,KEGG,STRING
1965,CCND1,CDK1,KEGG,STRING
1966,ERBB2,ATF1,KEGG,RegNetwork
1967,ERBB2,CREB1,KEGG,RegNetwork
1968,ERBB2,CTNNB1,KEGG,RegNetwork
1969,ERBB2,ELK1,KEGG,RegNetwork
1970,ERBB2,ETS1,KEGG,RegNetwork
1971,ERBB2,ETV4,KEGG,RegNetwork
1972,ERBB2,MYB,KEGG,RegNetwork
1973,ERBB2,TFAP2A,KEGG,RegNetwork
1974,ERBB2,TP53,KEGG,RegNetwork
1975,ERBB2,PTK2,KEGG,STRING
1976,ERBB2,PIK3R1,KEGG,STRING
1977,ERBB2,ERBB4,KEGG,STRING
1978,ERBB2,GRB2,KEGG,STRING
1979,ERBB2,HSP90AA1,KEGG,STRING
1980,ERBB2,EGFR,KEGG,STRING
1981,ERBB2,LRIG1,KEGG,STRING
1982,ERBB2,SHC1,KEGG,STRING
1983,ERBB2,PTPN11,KEGG,STRING
1984,ERBB2,POLR1A,KEGG,STRING
1985,ERBB2,CD44,KEGG,STRING
1986,ERBB2,GRB7,KEGG,STRING
1987,ERBB2,KPNB1,KEGG,STRING
1988,ERBB2,STUB1,KEGG,STRING
1989,ERBB2,ERBB2IP,KEGG,STRING
1990,ERBB2,RANBP2,KEGG,STRING
1991,ERBB2,STAT3,KEGG,STRING
1992,ERBB2,ERBB3,KEGG,STRING
1993,ERBB2,EEA1,KEGG,STRING
1994,ERBB2,SRC,KEGG,STRING
1995,ERBB2,PIK3R2,KEGG,STRING
1996,EGFR,hsa-miR-21,KEGG,RegNetwork
1997,EGFR,AR,KEGG,RegNetwork
1998,EGFR,CTNNB1,KEGG,RegNetwork
1999,EGFR,E2F1,KEGG,RegNetwork
2000,EGFR,EGR1,KEGG,RegNetwork
2001,EGFR,ESR1,KEGG,RegNetwork
2002,EGFR,ESR2,KEGG,RegNetwork
2003,EGFR,MYB,KEGG,RegNetwork
2004,EGFR,NFKB2,KEGG,RegNetwork
2005,EGFR,PPARG,KEGG,RegNetwork
2006,EGFR,REL,KEGG,RegNetwork
2007,EGFR,RELA,KEGG,RegNetwork
2008,EGFR,SMURF2,KEGG,RegNetwork
2009,EGFR,SP1,KEGG,RegNetwork
2010,EGFR,STAT1,KEGG,RegNetwork
2011,EGFR,STAT5A,KEGG,RegNetwork
2012,EGFR,STAT5A,KEGG,RegNetwork
2013,EGFR,STAT5B,KEGG,RegNetwork
2014,EGFR,STAT5B,KEGG,RegNetwork
2015,EGFR,TFAP2A,KEGG,RegNetwork
2016,EGFR,TP53,KEGG,RegNetwork
2017,EGFR,WT1,KEGG,RegNetwork
2018,EGFR,WWP1,KEGG,RegNetwork
2019,EGFR,VAV1,KEGG,STRING
2020,EGFR,PRKCA,KEGG,STRING
2021,EGFR,STAT5A,KEGG,STRING
2022,EGFR,ERRFI1,KEGG,STRING
2023,EGFR,SHC4,KEGG,STRING
2024,EGFR,SH3GL2,KEGG,STRING
2025,EGFR,ERBB3,KEGG,STRING
2026,EGFR,USP8,KEGG,STRING
2027,EGFR,SRC,KEGG,STRING
2028,EGFR,ERBB2,KEGG,STRING
2029,EGFR,MAP4K1,KEGG,STRING
2030,EGFR,UBASH3B,KEGG,STRING
2031,EGFR,PIK3R2,KEGG,STRING
2032,EGFR,PDCD6IP,KEGG,STRING
2033,EGFR,RASA1,KEGG,STRING
2034,EGFR,CBL,KEGG,STRING
2035,EGFR,MUC1,KEGG,STRING
2036,EGFR,CDK1,KEGG,STRING
2037,EGFR,TNK2,KEGG,STRING
2038,EGFR,SOS2,KEGG,STRING
2039,EGFR,CSK,KEGG,STRING
2040,EGFR,IGHV4-38-2,KEGG,STRING
2041,EGFR,CRK,KEGG,STRING
2042,EGFR,PLCG1,KEGG,STRING
2043,EGFR,CAV1,KEGG,STRING
2044,EGFR,STUB1,KEGG,STRING
2045,EGFR,CAV2,KEGG,STRING
2046,EGFR,CBLC,KEGG,STRING
2047,EGFR,HSPA8,KEGG,STRING
2048,EGFR,JUP,KEGG,STRING
2049,EGFR,CALM1,KEGG,STRING
2050,EGFR,VAV2,KEGG,STRING
2051,EGFR,ACTN4,KEGG,STRING
2052,EGFR,GRB10,KEGG,STRING
2053,EGFR,PLCG2,KEGG,STRING
2054,EGFR,BTC,KEGG,STRING
2055,EGFR,TRAF2,KEGG,STRING
2056,EGFR,PIK3CA,KEGG,STRING
2057,EGFR,PAK1,KEGG,STRING
2058,EGFR,HGS,KEGG,STRING
2059,EGFR,TGFA,KEGG,STRING
2060,EGFR,STAT3,KEGG,STRING
2061,EGFR,EPS8,KEGG,STRING
2062,EGFR,SHC1,KEGG,STRING
2063,EGFR,NCK1,KEGG,STRING
2064,EGFR,LYN,KEGG,STRING
2065,EGFR,PTPN1,KEGG,STRING
2066,EGFR,S100A4,KEGG,STRING
2067,EGFR,SH2B1,KEGG,STRING
2068,EGFR,YWHAZ,KEGG,STRING
2069,EGFR,GAB1,KEGG,STRING
2070,EGFR,PTPN11,KEGG,STRING
2071,EGFR,CRKL,KEGG,STRING
2072,EGFR,MET,KEGG,STRING
2073,EGFR,HSPA1B,KEGG,STRING
2074,EGFR,HCK,KEGG,STRING
2075,EGFR,PTPN12,KEGG,STRING
2076,EGFR,SFN,KEGG,STRING
2077,EGFR,BLK,KEGG,STRING
2078,EGFR,PTPN6,KEGG,STRING
2079,EGFR,STAT5B,KEGG,STRING
2080,EGFR,EPGN,KEGG,STRING
2081,EGFR,HSP90AB1,KEGG,STRING
2082,EGFR,SOS1,KEGG,STRING
2083,EGFR,CD44,KEGG,STRING
2084,EGFR,TUBA1A,KEGG,STRING
2085,EGFR,PIK3C2B,KEGG,STRING
2086,EGFR,YWHAQ,KEGG,STRING
2087,EGFR,CDH1,KEGG,STRING
2088,EGFR,EREG,KEGG,STRING
2089,EGFR,EGF,KEGG,STRING
2090,EGFR,HSPA4,KEGG,STRING
2091,EGFR,PIK3R1,KEGG,STRING
2092,EGFR,PTK2,KEGG,STRING
2093,EGFR,SLA,KEGG,STRING
2094,EGFR,GRB2,KEGG,STRING
2095,EGFR,NCK2,KEGG,STRING
2096,EGFR,ERBB4,KEGG,STRING
2097,EGFR,HSP90AA1,KEGG,STRING
2098,EGFR,STAT1,KEGG,STRING
2099,EGFR,VAV3,KEGG,STRING
2100,EGFR,CTNNB1,KEGG,STRING
2101,EGFR,ZAP70,KEGG,STRING
2102,EGFR,GAPDH,KEGG,STRING
2103,EGFR,ABL1,KEGG,STRING
2104,EGFR,SH3KBP1,KEGG,STRING
2105,EGFR,INPPL1,KEGG,STRING
2106,EGFR,CTNND1,KEGG,STRING
2107,EGFR,AREG,KEGG,STRING
2108,EGFR,CBLB,KEGG,STRING
2109,EGFR,PIK3R3,KEGG,STRING
2110,EGFR,JAK2,KEGG,STRING
2111,EGFR,SHC3,KEGG,STRING
2112,EGFR,HDAC6,KEGG,STRING
2113,EGFR,CALM3,KEGG,STRING
2114,EGFR,HBEGF,KEGG,STRING
2115,EGFR,LRIG1,KEGG,STRING
2116,EGFR,EPS15,KEGG,STRING
2117,EGFR,TNS3,KEGG,STRING
2118,KIT,ETS1,KEGG,RegNetwork
2119,KIT,SMURF2,KEGG,RegNetwork
2120,KIT,SP1,KEGG,RegNetwork
2121,KIT,STAT3,KEGG,RegNetwork
2122,KIT,STAT5A,KEGG,RegNetwork
2123,KIT,STAT5B,KEGG,RegNetwork
2124,KIT,TFAP2A,KEGG,RegNetwork
2125,KIT,WWP1,KEGG,RegNetwork
2126,KIT,PIK3R1,KEGG,STRING
2127,KIT,GRB2,KEGG,STRING
2128,KIT,KITLG,KEGG,STRING
2129,KIT,PLCG1,KEGG,STRING
2130,NOTCH1,DTX1,KEGG,RegNetwork
2131,NOTCH1,RBPJ,KEGG,RegNetwork
2132,NOTCH1,RBPJL,KEGG,RegNetwork
2133,NOTCH1,SNW1,KEGG,STRING
2134,NOTCH1,HIF1AN,KEGG,STRING
2135,NOTCH1,FBXW7,KEGG,STRING
2136,NOTCH1,MAML1,KEGG,STRING
2137,NOTCH1,DTX1,KEGG,STRING
2138,NOTCH1,RBPJ,KEGG,STRING
2139,NOTCH1,NRARP,KEGG,STRING
2140,NOTCH1,JAG1,KEGG,STRING
2141,NOTCH4,DVL1,KEGG,RegNetwork
2142,NOTCH4,DTX3,KEGG,RegNetwork
2143,NOTCH4,DTX2,KEGG,RegNetwork
2144,NOTCH4,DTX1,KEGG,RegNetwork
2145,NOTCH4,DLL4,KEGG,RegNetwork
2146,NOTCH4,DLL3,KEGG,RegNetwork
2147,NOTCH4,DLL1,KEGG,RegNetwork
2148,NOTCH4,APH1A,KEGG,RegNetwork
2149,NOTCH4,ADAM17,KEGG,RegNetwork
2150,NOTCH4,RFNG,KEGG,RegNetwork
2151,NOTCH4,RBPJL,KEGG,RegNetwork
2152,NOTCH4,RBPJ,KEGG,RegNetwork
2153,NOTCH4,PSENEN,KEGG,RegNetwork
2154,NOTCH4,PSEN2,KEGG,RegNetwork
2155,NOTCH4,PSEN1,KEGG,RegNetwork
2156,NOTCH4,NUMBL,KEGG,RegNetwork
2157,NOTCH4,NUMB,KEGG,RegNetwork
2158,NOTCH4,NCSTN,KEGG,RegNetwork
2159,NOTCH4,MFNG,KEGG,RegNetwork
2160,NOTCH4,LFNG,KEGG,RegNetwork
2161,NOTCH4,JAG2,KEGG,RegNetwork
2162,NOTCH4,JAG1,KEGG,RegNetwork
2163,NOTCH4,DVL3,KEGG,RegNetwork
2164,NOTCH4,DVL2,KEGG,RegNetwork
2165,NOTCH4,DTX4,KEGG,RegNetwork
2166,NOTCH4,DTX3L,KEGG,RegNetwork
2167,NOTCH4,DTX1,KEGG,RegNetwork
2168,NOTCH4,MYC,KEGG,RegNetwork
2169,NOTCH4,RBPJ,KEGG,RegNetwork
2170,NOTCH4,RBPJL,KEGG,RegNetwork
2171,LRP6,DKK1,KEGG,STRING
2172,LRP6,AXIN1,KEGG,STRING
2173,LRP6,WNT3A,KEGG,STRING
2174,LRP6,SOST,KEGG,STRING
2175,BRCA1,AKR1B1,KEGG,RegNetwork
2176,BRCA1,TP53,KEGG,RegNetwork
2177,BRCA1,TAF10,KEGG,RegNetwork
2178,BRCA1,STAT3,KEGG,RegNetwork
2179,BRCA1,ELK4,KEGG,RegNetwork
2180,BRCA1,ELK1,KEGG,RegNetwork
2181,BRCA1,DDB2,KEGG,RegNetwork
2182,BRCA1,hsa-miR-146b,KEGG,RegNetwork
2183,BRCA1,hsa-miR-146a,KEGG,RegNetwork
2184,BRCA1,BCL2,KEGG,RegNetwork
2185,BRCA1,AREG,KEGG,RegNetwork
2186,BRCA1,AR,KEGG,RegNetwork
2187,BRCA1,ESR1,KEGG,RegNetwork
2188,BRCA1,ERG,KEGG,RegNetwork
2189,BRCA1,ETS1,KEGG,RegNetwork
2190,BRCA1,GADD45A,KEGG,RegNetwork
2191,BRCA1,IGF1R,KEGG,RegNetwork
2192,BRCA1,JAK1,KEGG,RegNetwork
2193,BRCA1,JAK2,KEGG,RegNetwork
2194,BRCA1,KCNH4,KEGG,RegNetwork
2195,BRCA1,KCNH8,KEGG,RegNetwork
2196,BRCA1,PCNA,KEGG,RegNetwork
2197,BRCA1,ATF1,KEGG,RegNetwork
2198,BRCA1,CREB1,KEGG,RegNetwork
2199,BRCA1,E2F4,KEGG,RegNetwork
2200,BRCA1,ETS2,KEGG,RegNetwork
2201,BRCA1,ETV4,KEGG,RegNetwork
2202,BRCA1,NFKB1,KEGG,RegNetwork
2203,BRCA1,SP1,KEGG,RegNetwork
2204,BRCA1,TP53,KEGG,RegNetwork
2205,BRCA1,USF2,KEGG,RegNetwork
2206,BRCA1,UBE2K,KEGG,STRING
2207,BRCA1,ACACA,KEGG,STRING
2208,BRCA1,UBE2D1,KEGG,STRING
2209,BRCA1,MYC,KEGG,STRING
2210,BRCA1,ATRIP,KEGG,STRING
2211,BRCA1,PALB2,KEGG,STRING
2212,BRCA1,CDK2,KEGG,STRING
2213,BRCA1,PLK1,KEGG,STRING
2214,BRCA1,RAD50,KEGG,STRING
2215,BRCA1,FANCA,KEGG,STRING
2216,BRCA1,WRN,KEGG,STRING
2217,BRCA1,BRCC3,KEGG,STRING
2218,BRCA1,UBE2N,KEGG,STRING
2219,BRCA1,H2AFX,KEGG,STRING
2220,BRCA1,CHEK2,KEGG,STRING
2221,BRCA1,BARD1,KEGG,STRING
2222,BRCA1,BLM,KEGG,STRING
2223,BRCA1,RPA1,KEGG,STRING
2224,BRCA1,ATR,KEGG,STRING
2225,BRCA1,RB1,KEGG,STRING
2226,BRCA1,ZNF350,KEGG,STRING
2227,BRCA1,AKT1,KEGG,STRING
2228,BRCA1,FANCD2,KEGG,STRING
2229,BRCA1,UBE2E2,KEGG,STRING
2230,BRCA1,BABAM1,KEGG,STRING
2231,BRCA1,MLH1,KEGG,STRING
2232,BRCA1,RBBP8,KEGG,STRING
2233,BRCA1,BRCA2,KEGG,STRING
2234,BRCA1,TUBG1,KEGG,STRING
2235,BRCA1,ESR1,KEGG,STRING
2236,BRCA1,MSH2,KEGG,STRING
2237,BRCA1,MDC1,KEGG,STRING
2238,BRCA1,TP53,KEGG,STRING
2239,BRCA1,RAD51,KEGG,STRING
2240,BRCA1,POLR2A,KEGG,STRING
2241,BRCA1,UBE2D3,KEGG,STRING
2242,BRCA1,CREBBP,KEGG,STRING
2243,BRCA1,UBE2E1,KEGG,STRING
2244,BRCA1,EP300,KEGG,STRING
2245,BRCA1,BRIP1,KEGG,STRING
2246,BRCA1,UBE2W,KEGG,STRING
2247,BRCA1,TOPBP1,KEGG,STRING
2248,BRCA1,UBE2E3,KEGG,STRING
2249,BRCA1,MRE11A,KEGG,STRING
2250,BRCA1,ATM,KEGG,STRING
2251,BRCA1,UIMC1,KEGG,STRING
2252,BRCA1,TP53BP1,KEGG,STRING
2253,BRCA1,NBN,KEGG,STRING
2254,BRCA1,FAM175A,KEGG,STRING
2255,BRCA2,FHIT,KEGG,RegNetwork
2256,BRCA2,ESR1,KEGG,RegNetwork
2257,BRCA2,RAD51,KEGG,RegNetwork
2258,BRCA2,ETS1,KEGG,RegNetwork
2259,BRCA2,MYC,KEGG,RegNetwork
2260,BRCA2,NFKB1,KEGG,RegNetwork
2261,BRCA2,RAD51,KEGG,RegNetwork
2262,BRCA2,RELA,KEGG,RegNetwork
2263,BRCA2,TP53,KEGG,RegNetwork
2264,BRCA2,USF1,KEGG,RegNetwork
2265,BRCA2,USF2,KEGG,RegNetwork
2266,BRCA2,PLK1,KEGG,STRING
2267,BRCA2,RAD51,KEGG,STRING
2268,BRCA2,PALB2,KEGG,STRING
2269,BRCA2,CDK2,KEGG,STRING
2270,BRCA2,SHFM1,KEGG,STRING
2271,BRCA2,TP53,KEGG,STRING
2272,BRCA2,XRCC3,KEGG,STRING
2273,BRCA2,BRCA1,KEGG,STRING
2274,BRCA2,DMC1,KEGG,STRING
2275,BRCA2,HMG20B,KEGG,STRING
2276,BRCA2,FANCD2,KEGG,STRING
2277,BRCA2,BARD1,KEGG,STRING
2278,BRCA2,FANCG,KEGG,STRING
